trajectory,frame,velocity_x,velocity_y,x,y
1,2,11,2,768,262
1,3,13,-3,781,259
1,4,17,-5,798,254
1,5,13,-2,811,252
1,6,7,0,818,252
1,7,4,0,822,252
1,8,3,-1,825,251
1,9,7,-1,832,250
1,10,2,4,834,254
1,11,-2,3,832,257
1,12,-2,3,830,260
1,13,-5,4,825,264
1,14,-7,3,818,267
1,15,-6,-1,812,266
1,16,-6,0,806,266
1,17,-8,-3,798,263
1,18,-8,-3,790,260
1,19,-9,-6,781,254
1,20,-11,-8,770,246
1,21,-8,-4,762,242
1,22,-11,-4,751,238
1,23,-7,-2,744,236
1,24,-8,0,736,236
1,25,-8,2,728,238
1,26,-6,2,722,240
1,27,-6,2,716,242
1,28,-6,6,710,248
1,29,-7,2,703,250
1,30,-9,3,694,253
1,31,-8,1,686,254
1,32,-8,2,678,256
1,33,-10,2,668,258
1,34,-10,-1,658,257
1,35,-6,0,652,257
1,36,-6,0,646,257
1,37,-6,0,640,257
1,38,-3,1,637,258
1,39,-6,2,631,260
1,40,-5,2,626,262
1,41,-4,4,622,266
1,42,-6,5,616,271
1,43,-6,5,610,276
1,44,-7,6,603,282
1,45,-5,7,598,289
1,46,-6,7,592,296
1,47,-3,8,589,304
1,48,-3,4,586,308
1,49,-2,8,584,316
1,50,0,4,584,320
1,51,-2,7,582,327
3,2,0,-1,636,315
3,3,2,1,638,316
3,4,4,0,642,316
3,5,4,2,646,318
3,6,5,0,651,318
3,7,7,0,658,318
3,8,6,-4,664,314
3,9,4,-4,668,310
3,10,4,-4,672,306
4,2,1,2,641,320
4,3,1,4,642,324
4,4,4,3,646,327
4,5,7,2,653,329
4,6,11,1,664,330
4,7,6,-3,670,327
5,2,4,9,646,324
5,3,8,4,654,328
5,4,4,4,658,332
5,5,14,-1,672,331
6,2,-7,-4,870,384
6,3,-6,-9,864,375
6,4,-6,-7,858,368
6,5,-4,-1,854,367
7,2,-6,-10,877,379
7,3,-6,-11,871,368
7,4,-2,-2,869,366
8,2,-19,-4,861,324
8,3,-17,-6,844,318
8,4,-16,-5,828,313
8,5,-17,-3,811,310
9,2,-4,4,972,342
9,3,-2,2,970,344
10,2,-3,-2,941,338
10,3,-7,-2,934,336
10,4,-3,1,931,337
10,5,-6,2,925,339
10,6,-7,4,918,343
10,7,-11,3,907,346
10,8,-8,4,899,350
10,9,-10,4,889,354
10,10,-13,2,876,356
10,11,-16,6,860,362
10,12,-14,6,846,368
10,13,-16,5,830,373
11,2,6,3,1065,335
11,3,4,3,1069,338
11,4,2,0,1071,338
11,5,6,2,1077,340
11,6,3,3,1080,343
11,7,5,1,1085,344
11,8,7,-4,1092,340
12,2,2,2,923,207
12,3,3,0,926,207
12,4,3,-1,929,206
12,5,2,3,931,209
12,6,-1,5,930,214
12,7,-1,8,929,222
12,8,-3,6,926,228
12,9,-1,10,925,238
12,10,-4,8,921,246
12,11,-5,10,916,256
12,12,-3,9,913,265
13,2,0,-1,1125,172
13,3,3,-3,1128,169
13,4,0,1,1128,170
13,5,4,2,1132,172
13,6,6,4,1138,176
13,7,8,4,1146,180
14,4,-2,-3,1046,177
14,5,-2,0,1044,177
14,6,-2,-1,1042,176
14,7,-3,3,1039,179
14,8,-1,3,1038,182
15,2,0,-5,974,150
15,3,5,0,979,150
15,4,5,4,984,154
15,5,4,4,988,158
15,6,4,5,992,163
15,7,3,7,995,170
15,8,2,7,997,177
15,9,4,8,1001,185
16,2,0,3,996,158
16,3,0,5,996,163
16,4,2,5,998,168
16,5,4,7,1002,175
16,6,4,11,1006,186
16,7,6,13,1012,199
17,2,-4,4,1062,294
18,2,4,-6,1058,314
18,3,7,-4,1065,310
18,4,5,-1,1070,309
18,5,6,1,1076,310
19,2,-15,-2,1140,320
19,3,-12,-7,1128,313
19,4,-6,-11,1122,302
20,5,3,2,1132,172
20,6,8,6,1140,178
20,7,10,14,1150,192
21,5,5,-3,1121,160
21,6,4,5,1125,165
21,7,6,0,1131,165
22,2,4,1,826,116
22,3,2,2,828,118
22,4,5,4,833,122
22,5,6,-1,839,121
22,6,9,2,848,123
22,7,6,2,854,125
23,2,-6,6,853,220
23,3,-5,5,848,225
23,4,-3,5,845,230
24,5,-4,15,728,383
24,6,1,12,729,395
24,7,1,11,730,406
24,8,-2,10,728,416
24,9,-3,20,725,436
25,2,-5,-1,940,339
25,3,-4,-2,936,337
25,4,-7,0,929,337
25,5,-5,1,924,338
25,6,-7,4,917,342
25,7,-8,5,909,347
25,8,-9,3,900,350
25,9,-11,2,889,352
25,10,-15,6,874,358
25,11,-14,4,860,362
25,12,-14,5,846,367
25,13,-16,5,830,372
26,5,-5,6,904,184
26,6,-2,6,902,190
26,7,2,7,904,197
26,8,-2,6,902,203
26,9,0,9,902,212
26,10,-1,6,901,218
26,11,-3,10,898,228
27,2,-12,-5,1011,362
27,3,-9,-5,1002,357
27,4,-8,-4,994,353
27,5,-6,1,988,354
27,6,-4,-2,984,352
27,7,-6,2,978,354
27,8,-4,2,974,356
27,9,-7,2,967,358
27,10,-7,5,960,363
27,11,-8,7,952,370
27,12,-9,9,943,379
27,13,-9,8,934,387
27,14,-7,11,927,398
27,15,-3,14,924,412
27,16,0,10,924,422
27,17,3,12,927,434
27,18,2,7,929,441
27,19,3,8,932,449
27,20,4,2,936,451
27,21,3,1,939,452
29,2,-14,-2,1055,386
29,3,-12,-3,1043,383
29,4,-7,-1,1036,382
29,5,-4,-2,1032,380
29,6,-6,1,1026,381
30,2,-12,0,1044,380
30,3,-12,-4,1032,376
30,4,-11,-5,1021,371
30,5,-7,-8,1014,363
30,6,-7,-4,1007,359
30,7,-3,-5,1004,354
30,8,-7,-1,997,353
30,9,-7,0,990,353
30,10,-6,1,984,354
30,11,-7,2,977,356
30,12,-9,5,968,361
30,13,-6,7,962,368
30,14,-6,9,956,377
31,2,-10,-3,988,375
31,3,-7,-1,981,374
31,4,-7,-2,974,372
31,5,-4,3,970,375
31,6,-1,7,969,382
31,7,3,8,972,390
31,8,-1,3,971,393
31,9,2,9,973,402
31,10,0,4,973,406
32,13,-2,8,926,348
32,14,-6,14,920,362
32,15,-3,12,917,374
32,16,-4,13,913,387
32,17,-3,9,910,396
32,18,-4,10,906,406
34,2,5,2,1069,336
34,3,1,2,1070,338
34,4,4,-1,1074,337
34,5,2,1,1076,338
34,6,5,6,1081,344
34,7,5,-3,1086,341
34,8,4,1,1090,342
35,2,-12,-4,1142,320
35,3,-13,-10,1129,310
35,4,-5,-7,1124,303
36,2,-2,-3,1124,171
36,3,3,-1,1127,170
36,4,2,1,1129,171
36,5,3,2,1132,173
36,6,8,4,1140,177
37,2,3,-5,976,150
37,3,4,0,980,150
37,4,6,5,986,155
37,5,3,3,989,158
38,7,-1,7,903,195
38,8,-1,10,902,205
38,9,0,4,902,209
38,10,-1,10,901,219
38,11,-4,9,897,228
39,5,3,5,975,257
39,6,3,5,978,262
39,7,2,4,980,266
39,8,4,5,984,271
39,9,2,5,986,276
40,5,-2,-6,894,253
40,6,5,-5,899,248
41,5,-4,8,905,184
41,6,-2,6,903,190
41,7,-1,6,902,196
41,8,0,6,902,202
41,9,0,8,902,210
41,10,0,9,902,219
41,11,-4,7,898,226
42,6,6,1,656,322
42,7,7,-2,663,320
42,8,5,0,668,320
42,9,5,-2,673,318
42,10,3,-4,676,314
42,11,1,-1,677,313
42,12,1,-2,678,311
42,13,-2,-1,676,310
42,14,-2,0,674,310
43,2,-6,-5,678,337
43,3,-4,-1,674,336
43,4,0,-9,674,327
43,5,0,-11,674,316
43,6,2,-14,676,302
43,7,4,-14,680,288
43,8,2,-12,682,276
43,9,3,-12,685,264
43,10,0,-8,685,256
43,11,-5,-7,680,249
43,12,-4,-5,676,244
43,13,-6,-5,670,239
43,14,-4,-7,666,232
43,15,-8,-6,658,226
43,16,-8,-8,650,218
43,17,-9,-7,641,211
43,18,-9,-7,632,204
43,19,-8,-6,624,198
43,20,-8,-5,616,193
43,21,-6,3,610,196
43,22,-5,0,605,196
43,23,-3,6,602,202
43,24,-2,6,600,208
43,25,4,9,604,217
43,26,2,13,606,230
43,27,2,14,608,244
43,28,4,17,612,261
44,35,-8,5,580,294
44,36,-4,3,576,297
44,37,-4,2,572,299
44,38,-2,2,570,301
44,39,-1,4,569,305
44,40,-2,4,567,309
44,41,-3,3,564,312
44,42,-5,4,559,316
44,43,-4,5,555,321
44,44,-7,4,548,325
44,45,-3,3,545,328
44,46,-3,8,542,336
44,47,-2,8,540,344
44,48,-6,4,534,348
44,49,-3,4,531,352
44,50,-1,5,530,357
44,51,-3,4,527,361
46,7,-6,-10,1106,288
46,8,-9,-7,1097,281
46,9,-5,-7,1092,274
46,10,-10,-3,1082,271
46,11,-8,-3,1074,268
46,12,-7,1,1067,269
46,13,-10,1,1057,270
46,14,-6,2,1051,272
46,15,-5,7,1046,279
47,2,3,0,923,206
47,3,3,1,926,207
47,4,3,1,929,208
47,5,1,2,930,210
47,6,-1,4,929,214
47,7,1,6,930,220
47,8,-3,7,927,227
47,9,-2,12,925,239
47,10,-3,9,922,248
47,11,-4,12,918,260
47,12,-7,13,911,273
47,13,-1,12,910,285
47,14,-6,13,904,298
47,15,-6,12,898,310
47,16,0,12,898,322
47,17,-2,8,896,330
47,18,-2,8,894,338
47,19,-1,2,893,340
48,8,-1,-6,1074,286
48,9,-2,-2,1072,284
48,10,-4,-6,1068,278
48,11,-4,-1,1064,277
48,12,-8,4,1056,281
48,13,-6,1,1050,282
48,14,-5,8,1045,290
49,15,7,13,865,340
49,16,7,12,872,352
49,17,6,12,878,364
49,18,2,8,880,372
49,19,4,7,884,379
49,20,1,5,885,384
49,21,-1,0,884,384
49,22,-2,5,882,389
49,23,0,1,882,390
49,24,0,4,882,394
49,25,0,6,882,400
49,26,4,3,886,403
49,27,3,7,889,410
49,28,4,4,893,414
49,29,1,5,894,419
49,30,2,4,896,423
49,31,0,3,896,426
49,32,-1,-2,895,424
49,33,-2,-2,893,422
49,34,0,1,893,423
49,35,3,-9,896,414
49,36,0,-3,896,411
49,37,2,-2,898,409
49,38,-1,-1,897,408
49,39,3,-4,900,404
49,40,2,-2,902,402
49,41,2,-4,904,398
49,42,0,-1,904,397
49,43,-2,-5,902,392
50,20,-7,-4,1025,248
50,21,-7,-1,1018,247
50,22,-8,-1,1010,246
50,23,-5,0,1005,246
50,24,-5,3,1000,249
50,25,-7,2,993,251
50,26,-7,6,986,257
50,27,-6,8,980,265
50,28,-8,4,972,269
50,29,-8,3,964,272
50,30,-10,6,954,278
50,31,-12,0,942,278
50,32,-14,2,928,280
50,33,-1,2,927,282
50,34,0,5,927,287
51,7,-6,-11,1106,286
51,8,-8,-7,1098,279
51,9,-7,-5,1091,274
51,10,-8,-3,1083,271
51,11,-9,-3,1074,268
51,12,-8,3,1066,271
52,8,1,5,973,223
52,9,-2,6,971,229
52,10,-1,4,970,233
52,11,-3,5,967,238
52,12,-4,6,963,244
52,13,-7,6,956,250
52,14,-4,11,952,261
52,15,-4,7,948,268
52,16,-3,10,945,278
53,3,-2,-7,1092,280
54,10,-3,-4,1069,278
54,11,-7,0,1062,278
54,12,-6,2,1056,280
54,13,-5,3,1051,283
54,14,-10,13,1041,296
54,15,-3,11,1038,307
54,16,-4,12,1034,319
54,17,0,14,1034,333
55,8,-15,1,1046,196
55,9,1,5,1047,201
55,10,7,5,1054,206
55,11,6,6,1060,212
56,8,2,4,1058,156
56,9,0,5,1058,161
56,10,1,3,1059,164
56,11,4,5,1063,169
57,2,3,2,924,209
57,3,4,0,928,209
57,4,3,-1,931,208
57,5,0,1,931,209
57,6,-2,6,929,215
57,7,1,6,930,221
57,8,-2,9,928,230
57,9,-3,8,925,238
57,10,-5,9,920,247
57,11,-4,9,916,256
57,12,-3,10,913,266
58,12,5,-2,1156,182
58,13,8,2,1164,184
59,8,0,2,1055,155
59,9,2,4,1057,159
59,10,3,7,1060,166
59,11,2,4,1062,170
59,12,3,8,1065,178
59,13,3,10,1068,188
59,14,6,7,1074,195
60,16,-10,10,868,170
60,17,-11,9,857,179
60,18,-10,1,847,180
60,19,-13,-6,834,174
60,20,-5,-9,829,165
60,21,-4,-3,825,162
61,5,-2,8,906,186
61,6,-4,6,902,192
61,7,2,6,904,198
61,8,-2,6,902,204
61,9,1,8,903,212
61,10,-3,6,900,218
61,11,-3,11,897,229
62,5,0,-5,1012,138
62,6,-1,-4,1011,134
62,7,3,-3,1014,131
62,8,2,1,1016,132
62,9,2,-2,1018,130
62,10,2,0,1020,130
62,11,0,-1,1020,129
62,12,-2,1,1018,130
62,13,-3,4,1015,134
62,14,-5,-2,1010,132
62,15,-3,4,1007,136
63,17,-12,10,858,178
63,18,-11,1,847,179
63,19,-11,-5,836,174
63,20,-8,-7,828,167
63,21,-4,-7,824,160
63,22,-3,-1,821,159
64,18,-4,2,1038,252
64,19,-6,-2,1032,250
64,20,-6,-1,1026,249
64,21,-7,-3,1019,246
64,22,-7,-1,1012,245
64,23,-7,1,1005,246
64,24,-5,2,1000,248
64,25,-7,4,993,252
64,26,-5,6,988,258
64,27,-8,3,980,261
64,28,-7,7,973,268
64,29,-9,5,964,273
64,30,-12,5,952,278
64,31,-9,2,943,280
64,32,-13,0,930,280
64,33,-3,6,927,286
65,2,-6,0,995,182
65,3,-4,1,991,183
65,4,0,3,991,186
65,5,-1,6,990,192
65,6,-4,4,986,196
65,7,-4,5,982,201
65,8,-1,3,981,204
65,9,-5,9,976,213
66,4,-4,-7,1009,182
66,5,-3,3,1006,185
66,6,4,5,1010,190
66,7,4,8,1014,198
67,11,-4,6,1044,292
67,12,-2,6,1042,298
68,2,-11,-6,1011,362
68,3,-9,-2,1002,360
68,4,-7,-6,995,354
68,5,-5,0,990,354
68,6,-6,0,984,354
68,7,-4,0,980,354
68,8,-6,2,974,356
68,9,-7,3,967,359
68,10,-7,7,960,366
68,11,-8,5,952,371
68,12,-10,6,942,377
68,13,-7,10,935,387
68,14,-6,12,929,399
68,15,-3,12,926,411
68,16,-2,11,924,422
68,17,2,19,926,441
68,18,4,11,930,452
69,8,-6,3,1082,394
69,9,-4,0,1078,394
69,10,-5,2,1073,396
69,11,-5,-3,1068,393
69,12,-6,-4,1062,389
69,13,-7,1,1055,390
69,14,-4,-4,1051,386
69,15,-4,0,1047,386
69,16,-5,-1,1042,385
69,17,-6,-6,1036,379
70,8,-5,4,1074,410
70,9,-4,-2,1070,408
70,10,-4,-1,1066,407
70,11,-2,0,1064,407
70,12,-4,-4,1060,403
71,21,0,-8,1050,408
71,22,-4,-6,1046,402
71,23,-6,-2,1040,400
71,24,-4,0,1036,400
72,5,-3,5,1024,291
72,6,-1,5,1023,296
72,7,2,6,1025,302
72,8,0,8,1025,310
72,9,2,7,1027,317
73,12,1,8,949,168
73,13,2,4,951,172
73,14,3,8,954,180
73,15,4,9,958,189
73,16,0,5,958,194
73,17,-1,5,957,199
74,15,-6,0,1024,228
74,16,-4,0,1020,228
74,17,-3,-1,1017,227
74,18,-3,-2,1014,225
74,19,-4,-7,1010,218
74,20,0,2,1010,220
74,21,-4,-4,1006,216
74,22,-3,-7,1003,209
74,23,-3,-2,1000,207
74,24,-1,-3,999,204
74,25,-5,0,994,204
75,9,-3,5,1045,200
75,10,9,7,1054,207
75,11,6,4,1060,211
76,13,-3,-5,1111,260
76,14,-4,0,1107,260
76,15,-3,0,1104,260
76,16,-2,2,1102,262
76,17,-4,-4,1098,258
76,18,-2,-2,1096,256
76,19,-2,-5,1094,251
76,20,-1,-4,1093,247
76,21,-2,-1,1091,246
77,18,-7,-2,1096,284
77,19,-5,-6,1091,278
77,20,-3,-9,1088,269
77,21,-7,-9,1081,260
77,22,-3,-2,1078,258
78,21,-9,-1,1018,247
78,22,-6,1,1012,248
78,23,-6,-2,1006,246
78,24,-5,2,1001,248
78,25,-9,6,992,254
78,26,-4,4,988,258
78,27,-6,6,982,264
78,28,-9,3,973,267
78,29,-9,8,964,275
78,30,-8,9,956,284
79,17,-5,-7,1148,241
79,18,-4,-8,1144,233
79,19,-3,-8,1141,225
79,20,-2,-7,1139,218
79,21,-3,-8,1136,210
79,22,-4,-6,1132,204
80,20,-4,-4,1130,208
80,21,-4,-6,1126,202
80,22,-3,-6,1123,196
80,23,-3,0,1120,196
80,24,-4,0,1116,196
80,25,-3,0,1113,196
81,17,0,7,953,181
81,18,1,5,954,186
81,19,-4,5,950,191
82,10,0,6,994,276
82,11,-3,6,991,282
82,12,-3,8,988,290
82,13,-4,10,984,300
82,14,-3,6,981,306
82,15,-3,8,978,314
82,16,-3,6,975,320
82,17,-4,6,971,326
83,19,-6,2,1040,318
83,20,-7,-2,1033,316
83,21,-7,2,1026,318
83,22,-3,2,1023,320
83,23,-2,5,1021,325
83,24,-3,7,1018,332
83,25,2,6,1020,338
84,20,-3,8,986,290
84,21,-7,4,979,294
84,22,-4,4,975,298
84,23,-7,4,968,302
84,24,-5,4,963,306
84,25,-4,4,959,310
84,26,-6,4,953,314
85,20,-4,5,997,288
85,21,-7,4,990,292
85,22,-6,6,984,298
85,23,-7,2,977,300
85,24,-5,5,972,305
85,25,-6,5,966,310
85,26,-4,8,962,318
85,27,-6,6,956,324
86,23,-10,7,812,270
86,24,-6,6,806,276
86,25,-4,12,802,288
86,26,-8,10,794,298
87,23,-8,-3,742,201
87,24,-9,1,733,202
88,19,-3,-5,720,248
88,20,-1,-5,719,243
88,21,-5,-4,714,239
88,22,-1,-5,713,234
88,23,-3,1,710,235
88,24,0,3,710,238
88,25,0,3,710,241
88,26,0,5,710,246
88,27,-3,7,707,253
88,28,-1,6,706,259
88,29,-2,5,704,264
88,30,-5,3,699,267
88,31,-4,5,695,272
88,32,-7,2,688,274
88,33,-7,4,681,278
88,34,-7,2,674,280
88,35,-6,2,668,282
88,36,-7,2,661,284
88,37,-3,6,658,290
88,38,-2,1,656,291
88,39,-2,5,654,296
88,40,-2,4,652,300
88,41,-4,6,648,306
88,42,-4,5,644,311
88,43,-4,6,640,317
88,44,-7,5,633,322
88,45,-4,4,629,326
88,46,-5,2,624,328
88,47,-5,8,619,336
88,48,-3,4,616,340
89,26,-5,5,951,208
89,27,-7,8,944,216
89,28,-7,8,937,224
89,29,-5,12,932,236
89,30,-8,8,924,244
90,21,-4,-4,1024,180
90,22,-5,-4,1019,176
90,23,-3,-3,1016,173
90,24,-5,-1,1011,172
90,25,-3,2,1008,174
90,26,-3,0,1005,174
90,27,-5,2,1000,176
90,28,-4,2,996,178
91,15,2,4,1058,212
91,16,2,8,1060,220
91,17,-2,3,1058,223
91,18,1,2,1059,225
91,19,-1,-1,1058,224
91,20,-1,-6,1057,218
91,21,-1,-4,1056,214
91,22,2,-4,1058,210
91,23,-1,-1,1057,209
91,24,0,3,1057,212
92,10,0,-4,1052,216
92,11,-1,0,1051,216
92,12,1,-4,1052,212
92,13,2,0,1054,212
92,14,0,4,1054,216
92,15,1,0,1055,216
92,16,-1,0,1054,216
92,17,2,-2,1056,214
92,18,0,-6,1056,208
92,19,1,-2,1057,206
92,20,-1,-6,1056,200
92,21,-3,-4,1053,196
92,22,0,-3,1053,193
92,23,-2,-1,1051,192
92,24,-3,2,1048,194
92,25,-2,6,1046,200
92,26,-2,7,1044,207
92,27,-4,5,1040,212
92,28,-2,12,1038,224
92,29,-6,5,1032,229
92,30,-3,6,1029,235
92,31,-6,3,1023,238
92,32,-5,5,1018,243
92,33,-4,-1,1014,242
92,34,-7,2,1007,244
92,35,-3,0,1004,244
93,15,7,13,865,340
93,16,5,13,870,353
93,17,6,11,876,364
93,18,6,11,882,375
93,19,1,6,883,381
93,20,1,6,884,387
93,21,-1,1,883,388
93,22,-1,2,882,390
93,23,0,0,882,390
93,24,-1,5,881,395
93,25,3,5,884,400
93,26,2,6,886,406
93,27,4,5,890,411
93,28,2,5,892,416
93,29,1,5,893,421
93,30,3,4,896,425
93,31,-3,2,893,427
93,32,3,-3,896,424
93,33,-2,1,894,425
93,34,-2,-5,892,420
93,35,-1,0,891,420
93,36,3,-6,894,414
93,37,3,-6,897,408
93,38,1,0,898,408
93,39,4,-3,902,405
93,40,0,-4,902,401
93,41,1,-1,903,400
93,42,1,-4,904,396
93,43,-2,-2,902,394
94,29,3,0,909,423
94,30,1,1,910,424
94,31,-2,-4,908,420
94,32,1,-2,909,418
94,33,-2,-8,907,410
94,34,-3,-5,904,405
94,35,0,-7,904,398
94,36,-2,-6,902,392
95,16,-5,9,896,188
95,17,-4,11,892,199
95,18,-6,7,886,206
95,19,-5,9,881,215
95,20,-7,4,874,219
95,21,-9,3,865,222
95,22,-9,6,856,228
95,23,-8,4,848,232
95,24,-8,6,840,238
95,25,-10,8,830,246
95,26,-9,8,821,254
96,2,10,-6,687,138
96,3,36,-5,723,133
96,4,17,0,740,133
97,3,17,-1,682,128
98,5,20,-2,742,116
98,6,38,-1,780,115
98,7,47,-1,827,114
99,2,-5,-6,679,336
99,3,-3,-4,676,332
99,4,-4,-6,672,326
99,5,3,-12,675,314
99,6,0,-12,675,302
99,7,4,-12,679,290
99,8,4,-13,683,277
99,9,3,-11,686,266
99,10,0,-10,686,256
99,11,-6,-8,680,248
99,12,-3,-2,677,246
99,13,-7,-8,670,238
99,14,-5,-5,665,233
99,15,-7,-6,658,227
99,16,-8,-9,650,218
99,17,-8,-8,642,210
99,18,-10,-6,632,204
99,19,-8,-4,624,200
99,20,-9,-3,615,197
99,21,-7,-3,608,194
99,22,-6,4,602,198
99,23,-2,4,600,202
99,24,-2,6,598,208
100,27,4,17,610,245
100,28,0,15,610,260
100,29,-2,14,608,274
100,30,-2,22,606,296
101,20,-6,9,977,416
101,21,-5,7,972,423
102,19,-4,-4,1056,323
102,20,-4,-5,1052,318
102,21,-4,-5,1048,313
102,22,-3,-2,1045,311
102,23,-5,-3,1040,308
102,24,-6,2,1034,310
102,25,-1,4,1033,314
102,26,-5,8,1028,322
102,27,-2,8,1026,330
102,28,-5,8,1021,338
102,29,-3,6,1018,344
102,30,0,6,1018,350
102,31,-6,2,1012,352
102,32,-1,9,1011,361
103,19,-6,0,1040,316
103,20,-6,1,1034,317
103,21,-6,1,1028,318
103,22,-5,2,1023,320
103,23,-3,4,1020,324
103,24,-3,6,1017,330
103,25,2,8,1019,338
103,26,0,10,1019,348
104,16,-6,9,984,271
104,17,-5,13,979,284
104,18,-3,8,976,292
104,19,-6,5,970,297
105,12,2,6,950,166
105,13,4,7,954,173
105,14,2,7,956,180
105,15,0,7,956,187
105,16,2,9,958,196
105,17,0,6,958,202
106,19,-4,-2,1054,322
106,20,-4,-5,1050,317
106,21,-3,-3,1047,314
106,22,-4,-4,1043,310
106,23,-5,-2,1038,308
106,24,-2,2,1036,310
106,25,-4,4,1032,314
106,26,-2,6,1030,320
106,27,-4,7,1026,327
106,28,-3,7,1023,334
106,29,-3,8,1020,342
106,30,-3,6,1017,348
106,31,-3,4,1014,352
106,32,-2,1,1012,353
107,7,-6,3,1079,407
107,8,-3,1,1076,408
107,9,-4,2,1072,410
107,10,-5,-2,1067,408
107,11,-6,-3,1061,405
107,12,1,-1,1062,404
107,13,-2,0,1060,404
107,14,-3,1,1057,405
107,15,-1,-1,1056,404
107,16,-4,3,1052,407
107,17,-6,-7,1046,400
107,18,-2,-4,1044,396
107,19,-6,-6,1038,390
107,20,-6,-7,1032,383
108,19,-6,1,1041,317
108,20,-7,-1,1034,316
108,21,-6,1,1028,317
108,22,-6,4,1022,321
108,23,-2,3,1020,324
108,24,-2,8,1018,332
108,25,1,6,1019,338
108,26,1,12,1020,350
109,16,-5,9,897,188
109,17,-4,10,893,198
109,18,-6,9,887,207
109,19,-7,5,880,212
109,20,-6,7,874,219
109,21,-8,3,866,222
109,22,-9,4,857,226
110,38,-9,-7,911,217
110,39,-11,-9,900,208
110,40,-12,-6,888,202
110,41,-10,-8,878,194
110,42,-12,-6,866,188
110,43,-12,-4,854,184
110,44,-14,0,840,184
110,45,-14,-3,826,181
110,46,-11,0,815,181
110,47,-11,3,804,184
110,48,-10,-1,794,183
110,49,-9,3,785,186
110,50,-10,4,775,190
110,51,-8,4,767,194
112,23,-8,6,859,228
112,24,-7,8,852,236
112,25,-3,7,849,243
112,26,-7,7,842,250
112,27,-7,11,835,261
112,28,-5,13,830,274
112,29,-6,6,824,280
112,30,-6,8,818,288
113,16,-11,12,868,173
113,17,-11,5,857,178
113,18,-13,2,844,180
113,19,-13,-6,831,174
113,20,-5,-9,826,165
113,21,-4,-7,822,158
114,11,5,6,905,146
114,12,3,7,908,153
114,13,-2,6,906,159
114,14,0,12,906,171
114,15,-4,9,902,180
114,16,-4,9,898,189
114,17,-6,10,892,199
114,18,-5,10,887,209
114,19,-6,7,881,216
114,20,-7,7,874,223
114,21,-9,1,865,224
114,22,-7,3,858,227
114,23,-12,5,846,232
114,24,-11,5,835,237
114,25,-9,11,826,248
114,26,-8,9,818,257
114,27,-8,9,810,266
114,28,-10,12,800,278
115,15,-7,5,792,250
115,16,-6,6,786,256
115,17,-6,2,780,258
115,18,-6,2,774,260
115,19,-7,1,767,261
115,20,-6,1,761,262
115,21,-6,0,755,262
115,22,-4,-1,751,261
115,23,-8,0,743,261
115,24,-4,3,739,264
115,25,-5,6,734,270
115,26,-1,1,733,271
115,27,-7,9,726,280
115,28,-3,7,723,287
116,29,-1,9,970,392
116,30,0,8,970,400
116,31,0,6,970,406
116,32,-4,5,966,411
116,33,2,2,968,413
116,34,1,5,969,418
116,35,4,1,973,419
116,36,2,1,975,420
116,37,7,2,982,422
116,38,6,1,988,423
116,39,8,5,996,428
116,40,5,2,1001,430
116,41,5,5,1006,435
116,42,4,2,1010,437
116,43,5,0,1015,437
116,44,7,6,1022,443
116,45,5,-1,1027,442
117,27,-7,8,1004,222
117,28,-5,6,999,228
117,29,-9,6,990,234
117,30,-3,8,987,242
117,31,-11,5,976,247
117,32,-8,5,968,252
117,33,-8,4,960,256
117,34,-9,2,951,258
117,35,-11,0,940,258
118,31,-10,7,960,234
118,32,-8,6,952,240
118,33,-11,3,941,243
118,34,-9,1,932,244
118,35,-10,3,922,247
119,30,-9,4,872,263
119,31,-10,5,862,268
119,32,-12,2,850,270
119,33,-12,0,838,270
119,34,-11,2,827,272
120,31,-3,10,727,158
120,32,-5,7,722,165
120,33,-7,9,715,174
120,34,-6,8,709,182
121,32,-6,5,738,210
121,33,-4,7,734,217
121,34,-5,3,729,220
121,35,-8,4,721,224
121,36,-3,10,718,234
122,36,-8,3,768,285
122,37,-10,3,758,288
122,38,-7,2,751,290
122,39,-9,6,742,296
122,40,-7,4,735,300
122,41,-5,4,730,304
122,42,-6,5,724,309
122,43,-5,10,719,319
122,44,-7,9,712,328
122,45,-7,10,705,338
123,42,9,4,743,410
123,43,7,1,750,411
124,38,6,-5,796,333
124,39,8,-5,804,328
124,40,8,-5,812,323
124,41,10,-5,822,318
124,42,0,-4,822,314
125,41,-1,6,778,308
125,42,0,7,778,315
125,43,1,4,779,319
125,44,0,7,779,326
125,45,6,5,785,331
125,46,3,0,788,331
126,31,-1,8,981,394
126,32,0,4,981,398
126,33,0,6,981,404
126,34,1,6,982,410
126,35,6,2,988,412
126,36,3,3,991,415
126,37,6,1,997,416
127,28,3,0,906,422
127,29,3,2,909,424
127,30,3,-2,912,422
127,31,-2,-4,910,418
127,32,0,-3,910,415
127,33,-3,-6,907,409
127,34,-3,-7,904,402
127,35,-2,-7,902,395
127,36,2,-7,904,388
128,24,2,4,746,303
128,25,2,3,748,306
128,26,0,5,748,311
128,27,0,3,748,314
128,28,1,4,749,318
128,29,-1,4,748,322
128,30,-4,5,744,327
128,31,-6,1,738,328
128,32,-4,0,734,328
128,33,-4,-2,730,326
128,34,-6,-1,724,325
128,35,-3,-3,721,322
128,36,-7,-2,714,320
128,37,-5,0,709,320
128,38,-4,2,705,322
129,37,-2,6,675,340
129,38,0,3,675,343
129,39,3,1,678,344
129,40,1,4,679,348
130,39,-10,4,794,284
130,40,-11,2,783,286
130,41,-10,5,773,291
130,42,-8,7,765,298
130,43,-6,9,759,307
131,34,-6,-4,1070,312
131,35,-5,-6,1065,306
131,36,-3,-5,1062,301
131,37,-1,-5,1061,296
132,32,1,-2,1029,362
132,33,-1,-2,1028,360
132,34,2,-4,1030,356
132,35,2,-2,1032,354
132,36,0,-1,1032,353
132,37,4,-3,1036,350
132,38,1,-1,1037,349
132,39,3,-1,1040,348
132,40,0,-1,1040,347
132,41,1,-1,1041,346
132,42,0,2,1041,348
132,43,-3,0,1038,348
132,44,0,3,1038,351
133,34,-2,-5,1076,358
133,35,-3,-10,1073,348
133,36,-3,-2,1070,346
133,37,-2,-5,1068,341
134,35,-8,-4,1107,262
134,36,-8,-7,1099,255
134,37,-8,-4,1091,251
134,38,-7,-3,1084,248
135,15,3,6,1013,212
135,16,1,2,1014,214
135,17,-2,-2,1012,212
135,18,1,0,1013,212
135,19,-2,-2,1011,210
135,20,-3,-12,1008,198
135,21,0,1,1008,199
135,22,-2,-6,1006,193
136,39,-5,0,982,232
136,40,-6,-1,976,231
136,41,-7,-5,969,226
136,42,-9,-3,960,223
136,43,-6,-5,954,218
136,44,-12,-4,942,214
137,39,-4,-4,1078,235
137,40,-6,-2,1072,233
137,41,-6,-4,1066,229
137,42,-6,1,1060,230
137,43,-7,-6,1053,224
137,44,-9,0,1044,224
137,45,-10,-2,1034,222
137,46,-8,-2,1026,220
137,47,-12,-4,1014,216
137,48,-8,-2,1006,214
137,49,-10,-3,996,211
137,50,-9,-3,987,208
137,51,-8,-2,979,206
139,36,3,-1,1019,361
139,37,3,1,1022,362
139,38,5,-2,1027,360
140,40,0,-4,1080,350
140,41,0,-2,1080,348
140,42,0,-1,1080,347
140,43,-2,-3,1078,344
140,44,0,-4,1078,340
140,45,-2,-2,1076,338
140,46,-3,-7,1073,331
141,40,11,4,954,376
141,41,11,0,965,376
141,42,11,3,976,379
141,43,10,1,986,380
141,44,8,2,994,382
141,45,6,2,1000,384
141,46,9,1,1009,385
141,47,7,-1,1016,384
141,48,6,-1,1022,383
141,49,10,-1,1032,382
141,50,8,-4,1040,378
141,51,11,-4,1051,374
143,33,-7,3,907,239
143,34,-7,0,900,239
143,35,-7,3,893,242
143,36,-6,1,887,243
143,37,-7,3,880,246
143,38,-6,1,874,247
143,39,-7,3,867,250
143,40,-7,3,860,253
143,41,-10,1,850,254
143,42,-10,4,840,258
143,43,-14,-2,826,256
143,44,-12,-1,814,255
143,45,-12,0,802,255
144,36,-12,-1,933,213
144,37,-12,2,921,215
144,38,-10,3,911,218
144,39,-9,5,902,223
144,40,-12,7,890,230
144,41,-9,1,881,231
144,42,-11,6,870,237
144,43,-10,3,860,240
144,44,-12,-4,848,236
144,45,-13,6,835,242
145,36,-5,-4,840,120
145,37,0,-5,840,115
145,38,-1,1,839,116
145,39,-2,-4,837,112
145,40,-1,-1,836,111
145,41,0,0,836,111
145,42,-11,1,825,112
145,43,-1,1,824,113
145,44,-4,3,820,116
145,45,1,1,821,117
145,46,-3,4,818,121
146,31,-2,-3,967,147
146,32,-9,-2,958,145
146,33,-8,-5,950,140
146,34,-9,-4,941,136
146,35,-8,-3,933,133
147,36,-6,-5,920,139
147,37,-4,-2,916,137
147,38,-8,-1,908,136
148,38,-9,4,886,248
148,39,-7,2,879,250
148,40,-10,4,869,254
148,41,-7,5,862,259
148,42,-12,5,850,264
148,43,-12,6,838,270
149,43,4,0,896,336
149,44,0,2,896,338
149,45,5,-2,901,336
149,46,3,-1,904,335
149,47,3,-1,907,334
149,48,5,1,912,335
149,49,3,-2,915,333
149,50,3,0,918,333
149,51,4,-3,922,330
151,39,-4,3,998,278
151,40,-4,2,994,280
151,41,-8,2,986,282
151,42,-6,0,980,282
151,43,-7,3,973,285
151,44,-7,0,966,285
151,45,-7,-1,959,284
151,46,-7,-1,952,283
151,47,-8,0,944,283
151,48,-5,-3,939,280
151,49,-8,-3,931,277
151,50,-5,-3,926,274
151,51,-6,-4,920,270
153,40,-8,-2,974,231
153,41,-4,-6,970,225
153,42,-8,-2,962,223
153,43,-10,-5,952,218
153,44,-9,-4,943,214
154,38,7,-4,888,456
154,39,6,-1,894,455
154,40,11,2,905,457
155,43,6,0,918,458
155,44,4,0,922,458
155,45,6,2,928,460
155,46,8,3,936,463
155,47,8,3,944,466
155,48,4,-2,948,464
156,45,8,0,819,372
156,46,9,-2,828,370
156,47,9,-2,837,368
156,48,7,0,844,368
156,49,7,-2,851,366
156,50,7,-3,858,363
156,51,4,-5,862,358
158,48,-2,-6,813,364
158,49,-2,-4,811,360
158,50,-2,-4,809,356
158,51,-3,-4,806,352
160,39,10,-7,806,328
160,40,6,-3,812,325
161,9,7,-9,628,324
161,10,9,0,637,324
161,11,8,-3,645,321
161,12,5,-3,650,318
161,13,6,0,656,318
161,14,4,-4,660,314
161,15,7,-1,667,313
161,16,3,-1,670,312
161,17,2,-1,672,311
161,18,0,1,672,312
161,19,0,-2,672,310
161,20,-2,-2,670,308
161,21,1,3,671,311
162,46,-3,2,920,126
162,47,0,0,920,126
162,48,0,0,920,126
162,49,-2,1,918,127
162,50,0,0,918,127
163,47,-9,-1,753,116
163,48,-5,6,748,122
163,49,-4,0,744,122
163,50,-6,0,738,122
163,51,-3,6,735,128
165,47,-10,-3,1012,215
165,48,-10,-1,1002,214
165,49,-8,-4,994,210
165,50,-8,-4,986,206
165,51,-10,2,976,208
167,2,-1,-2,110,562
167,3,-4,-4,106,558
167,4,-4,-5,102,553
167,5,-4,-4,98,549
167,6,-4,-3,94,546
167,7,-4,-5,90,541
168,2,17,12,347,376
168,3,21,8,368,384
168,4,28,6,396,390
168,5,30,3,426,393
168,6,21,4,447,397
168,7,20,7,467,404
168,8,11,6,478,410
168,9,4,-4,482,406
169,2,-2,21,469,629
169,3,-1,22,468,651
169,4,-4,20,464,671
169,5,0,23,464,694
169,6,-1,18,463,712
169,7,1,11,464,723
169,8,-2,8,462,731
169,9,-1,3,461,734
169,10,-5,1,456,735
169,11,-6,3,450,738
169,12,-4,4,446,742
169,13,-4,2,442,744
169,14,-3,4,439,748
169,15,1,4,440,752
170,2,3,12,474,316
170,3,9,31,483,347
170,4,11,9,494,356
170,5,4,11,498,367
170,6,30,22,528,389
171,2,3,-3,96,361
171,3,2,-3,98,358
171,4,4,-3,102,355
171,5,2,-6,104,349
171,6,2,-1,106,348
171,7,5,-3,111,345
171,8,4,-5,115,340
172,2,1,4,220,348
172,3,2,4,222,352
173,2,-1,12,350,508
173,3,0,8,350,516
173,4,4,8,354,524
173,5,3,8,357,532
173,6,4,4,361,536
173,7,9,6,370,542
173,8,7,4,377,546
173,9,10,5,387,551
173,10,11,7,398,558
174,2,-9,-1,591,389
174,3,-3,-3,588,386
175,2,17,11,347,375
175,3,21,9,368,384
175,4,26,6,394,390
175,5,30,4,424,394
175,6,24,4,448,398
175,7,17,7,465,405
175,8,13,3,478,408
175,9,4,-1,482,407
176,6,0,4,239,332
176,7,-1,-2,238,330
176,8,-2,0,236,330
176,9,-4,0,232,330
176,10,-6,2,226,332
176,11,-8,2,218,334
176,12,-9,5,209,339
176,13,-7,5,202,344
176,14,-6,7,196,351
176,15,-5,6,191,357
176,16,-4,7,187,364
176,17,-1,7,186,371
176,18,0,7,186,378
176,19,4,8,190,386
176,20,4,7,194,393
176,21,3,6,197,399
177,2,9,4,54,266
177,3,9,6,63,272
177,4,9,6,72,278
177,5,6,6,78,284
177,6,3,3,81,287
177,7,19,7,100,294
177,8,6,0,106,294
178,7,-5,6,86,236
178,8,-3,5,83,241
178,9,-2,6,81,247
178,10,-4,7,77,254
178,11,-2,8,75,262
179,6,1,0,248,336
179,7,-4,0,244,336
179,8,-1,2,243,338
179,9,-5,-1,238,337
179,10,-2,1,236,338
179,11,-6,3,230,341
179,12,-6,4,224,345
180,2,-2,12,349,508
180,3,2,10,351,518
180,4,3,7,354,525
180,5,4,8,358,533
180,6,4,4,362,537
180,7,6,3,368,540
180,8,10,5,378,545
180,9,10,5,388,550
180,10,13,7,401,557
181,2,-6,3,665,530
181,3,-11,4,654,534
181,4,-8,4,646,538
181,5,-11,5,635,543
182,2,-4,2,582,596
182,3,-4,3,578,599
182,4,-2,1,576,600
182,5,-3,3,573,603
182,6,-3,3,570,606
182,7,-2,0,568,606
183,2,-2,11,351,507
183,3,0,9,351,516
183,4,2,7,353,523
183,5,3,9,356,532
183,6,8,7,364,539
183,7,5,4,369,543
183,8,7,2,376,545
183,9,12,5,388,550
184,6,9,8,428,552
184,7,7,5,435,557
184,8,4,3,439,560
184,9,1,4,440,564
184,10,2,0,442,564
184,11,1,-1,443,563
184,12,-1,-2,442,561
184,13,2,3,444,564
184,14,0,0,444,564
184,15,2,0,446,564
185,2,8,4,169,698
185,3,13,4,182,702
185,4,13,-2,195,700
185,5,16,-6,211,694
185,6,11,0,222,694
186,2,1,0,143,722
186,3,1,0,144,722
186,4,3,2,147,724
186,5,6,1,153,725
186,6,4,-5,157,720
186,7,3,-2,160,718
186,8,0,0,160,718
186,9,0,-1,160,717
186,10,-3,-1,157,716
186,11,-1,-4,156,712
186,12,-4,0,152,712
186,13,0,0,152,712
186,14,-4,2,148,714
186,15,1,0,149,714
186,16,-1,-3,148,711
186,17,2,-2,150,709
186,18,0,-1,150,708
186,19,3,-3,153,705
186,20,1,2,154,707
186,21,0,3,154,710
186,22,1,-2,155,708
186,23,3,2,158,710
186,24,-2,0,156,710
186,25,1,2,157,712
186,26,0,2,157,714
186,27,0,0,157,714
186,28,0,4,157,718
186,29,-1,0,156,718
186,30,-3,2,153,720
186,31,0,-1,153,719
186,32,0,-1,153,718
186,33,1,0,154,718
186,34,0,-1,154,717
186,35,0,-1,154,716
186,36,2,0,156,716
186,37,3,-2,159,714
186,38,1,-2,160,712
186,39,-1,3,159,715
186,40,1,-3,160,712
186,41,0,0,160,712
186,42,0,0,160,712
186,43,-5,1,155,713
186,44,0,-3,155,710
186,45,0,1,155,711
186,46,-3,0,152,711
186,47,1,-1,153,710
186,48,1,0,154,710
186,49,0,-2,154,708
186,50,3,3,157,711
186,51,0,0,157,711
188,2,4,0,488,398
188,3,5,-8,493,390
188,4,11,-6,504,384
188,5,8,-9,512,375
188,6,12,-10,524,365
188,7,6,-3,530,362
188,8,-3,-1,527,361
189,3,0,5,558,500
189,4,-2,-3,556,497
189,5,0,-3,556,494
190,2,-18,5,588,557
191,2,-14,3,578,560
191,3,-14,17,564,577
191,4,-11,12,553,589
191,5,-15,38,538,627
191,6,-15,35,523,662
192,6,-3,1,552,488
192,7,-2,7,550,495
192,8,4,3,554,498
192,9,4,3,558,501
192,10,8,3,566,504
192,11,6,4,572,508
193,2,-4,3,527,672
193,3,1,1,528,673
193,4,1,0,529,673
193,5,1,1,530,674
193,6,4,-3,534,671
193,7,4,-9,538,662
193,8,7,-7,545,655
193,9,5,-10,550,645
194,8,1,1,517,686
194,9,2,-6,519,680
194,10,3,-6,522,674
194,11,0,-13,522,661
194,12,2,-5,524,656
195,19,12,-5,376,435
195,20,8,-4,384,431
195,21,12,-3,396,428
195,22,11,-4,407,424
195,23,11,-2,418,422
195,24,15,-2,433,420
195,25,14,-5,447,415
195,26,13,-2,460,413
195,27,8,-3,468,410
195,28,2,0,470,410
195,29,0,4,470,414
195,30,-2,5,468,419
195,31,0,5,468,424
195,32,2,4,470,428
195,33,2,8,472,436
195,34,3,5,475,441
195,35,3,3,478,444
195,36,7,4,485,448
195,37,7,2,492,450
195,38,8,0,500,450
195,39,5,0,505,450
195,40,10,-2,515,448
195,41,4,0,519,448
195,42,4,1,523,449
195,43,4,-1,527,448
195,44,1,-3,528,445
195,45,0,0,528,445
195,46,2,1,530,446
195,47,4,-6,534,440
195,48,0,-2,534,438
195,49,2,-1,536,437
195,50,-9,10,527,447
195,51,-2,6,525,453
197,35,-4,4,582,294
197,36,-6,3,576,297
197,37,-2,3,574,300
197,38,-3,2,571,302
197,39,-3,3,568,305
197,40,-1,1,567,306
197,41,-5,3,562,309
197,42,-2,4,560,313
197,43,-5,3,555,316
197,44,-5,8,550,324
197,45,-4,3,546,327
197,46,-4,6,542,333
197,47,-2,5,540,338
197,48,-3,5,537,343
197,49,-3,4,534,347
197,50,-3,7,531,354
197,51,-1,4,530,358
199,2,-8,10,560,402
199,3,-1,6,559,408
199,4,-3,6,556,414
199,5,-1,2,555,416
199,6,-1,2,554,418
199,7,0,1,554,419
199,8,3,0,557,419
199,9,0,1,557,420
199,10,0,2,557,422
199,11,-2,2,555,424
199,12,-2,2,553,426
199,13,-2,4,551,430
199,14,-4,2,547,432
199,15,0,0,547,432
199,16,-1,0,546,432
200,24,8,-2,502,426
200,25,9,2,511,428
200,26,11,1,522,429
200,27,7,1,529,430
200,28,10,6,539,436
200,29,5,8,544,444
200,30,2,8,546,452
200,31,-2,9,544,461
200,32,-4,7,540,468
200,33,-6,8,534,476
200,34,-5,4,529,480
200,35,-6,5,523,485
200,36,-3,3,520,488
200,37,-4,2,516,490
201,22,-12,4,558,442
201,23,-10,2,548,444
201,24,-8,2,540,446
202,21,-15,2,574,451
202,22,-15,1,559,452
202,23,-9,0,550,452
202,24,-10,2,540,454
202,25,-6,2,534,456
202,26,-5,4,529,460
202,27,-1,5,528,465
202,28,-3,5,525,470
202,29,-3,4,522,474
202,30,-2,5,520,479
202,31,-2,5,518,484
202,32,-3,4,515,488
202,33,-2,4,513,492
202,34,1,4,514,496
202,35,0,2,514,498
202,36,2,0,516,498
202,37,4,-2,520,496
202,38,8,-7,528,489
202,39,12,-1,540,488
202,40,21,-8,561,480
203,28,10,15,458,374
203,29,8,14,466,388
203,30,8,12,474,400
203,31,5,12,479,412
203,32,4,8,483,420
203,33,1,8,484,428
203,34,2,6,486,434
203,35,2,4,488,438
203,36,2,4,490,442
203,37,4,-1,494,441
203,38,4,2,498,443
203,39,4,-2,502,441
203,40,0,1,502,442
203,41,2,0,504,442
203,42,0,-2,504,440
203,43,-3,0,501,440
203,44,-3,2,498,442
203,45,-4,-2,494,440
203,46,-2,2,492,442
203,47,-1,-1,491,441
203,48,3,1,494,442
203,49,0,1,494,443
203,50,0,-1,494,442
203,51,0,2,494,444
205,3,-5,7,557,409
205,4,-3,5,554,414
205,5,2,2,556,416
205,6,-2,2,554,418
205,7,0,2,554,420
205,8,2,0,556,420
205,9,1,1,557,421
205,10,-1,1,556,422
205,11,-3,4,553,426
205,12,-1,2,552,428
205,13,-4,3,548,431
205,14,-2,1,546,432
205,15,1,-1,547,431
206,14,-8,-2,570,428
206,15,-2,-1,568,427
206,16,-4,-4,564,423
206,17,-6,0,558,423
206,18,-4,-3,554,420
206,19,-4,-3,550,417
206,20,-3,-3,547,414
206,21,-1,-4,546,410
206,22,0,0,546,410
206,23,4,-4,550,406
207,15,-8,7,791,251
207,16,-7,3,784,254
207,17,-5,4,779,258
207,18,-5,0,774,258
207,19,-7,1,767,259
207,20,-6,0,761,259
207,21,-5,1,756,260
207,22,-5,-2,751,258
207,23,-6,2,745,260
207,24,-4,2,741,262
207,25,-3,6,738,268
207,26,-5,5,733,273
207,27,-5,5,728,278
207,28,-4,6,724,284
207,29,-8,6,716,290
207,30,-7,4,709,294
207,31,-11,7,698,301
207,32,-10,1,688,302
207,33,-11,4,677,306
207,34,-9,5,668,311
207,35,-8,3,660,314
208,2,-41,8,627,398
208,3,-23,13,604,411
209,2,-6,5,594,369
209,3,-6,0,588,369
209,4,-5,-3,583,366
209,5,-5,-2,578,364
210,11,-3,4,538,375
210,12,-2,3,536,378
210,13,2,2,538,380
210,14,0,-1,538,379
210,15,4,-1,542,378
210,16,2,-1,544,377
210,17,8,-1,552,376
210,18,8,-4,560,372
211,4,-8,7,612,420
211,5,-4,5,608,425
211,6,1,3,609,428
212,5,-5,11,571,551
212,6,6,3,577,554
212,7,11,-1,588,553
213,2,-9,14,220,642
213,3,0,14,220,656
213,4,8,10,228,666
213,5,10,6,238,672
213,6,11,6,249,678
213,7,8,1,257,679
213,8,8,-1,265,678
213,9,1,-4,266,674
213,10,7,-6,273,668
213,11,1,-8,274,660
213,12,0,-8,274,652
213,13,2,-9,276,643
213,14,-2,-7,274,636
213,15,0,-9,274,627
213,16,0,-3,274,624
213,17,-2,2,272,626
213,18,2,1,274,627
213,19,-2,4,272,631
213,20,2,4,274,635
213,21,-2,8,272,643
213,22,-1,5,271,648
213,23,0,4,271,652
213,24,0,4,271,656
213,25,1,1,272,657
213,26,2,3,274,660
213,27,0,0,274,660
213,28,3,2,277,662
213,29,2,4,279,666
213,30,1,2,280,668
213,31,3,10,283,678
213,32,3,6,286,684
213,33,3,6,289,690
213,34,7,4,296,694
213,35,7,3,303,697
213,36,10,3,313,700
213,37,9,2,322,702
214,6,-6,5,550,489
214,7,0,6,550,495
214,8,4,4,554,499
214,9,4,4,558,503
214,10,6,1,564,504
215,16,8,4,444,522
215,17,8,4,452,526
215,18,6,5,458,531
215,19,1,5,459,536
216,3,-3,-1,223,447
216,4,-1,-7,222,440
216,5,-2,-8,220,432
217,8,0,-4,228,430
217,9,2,-2,230,428
217,10,1,-2,231,426
217,11,1,-2,232,424
217,12,1,-2,233,422
217,13,3,1,236,423
217,14,3,-1,239,422
217,15,4,-4,243,418
217,16,5,-4,248,414
218,5,4,8,204,370
218,6,8,7,212,377
218,7,7,5,219,382
218,8,6,4,225,386
218,9,5,6,230,392
218,10,0,6,230,398
219,2,9,5,52,267
219,3,10,6,62,273
219,4,8,5,70,278
219,5,8,8,78,286
219,6,6,4,84,290
219,7,14,6,98,296
219,8,10,-2,108,294
220,7,-4,4,88,234
220,8,-4,4,84,238
220,9,-3,8,81,246
220,10,-4,10,77,256
220,11,-3,9,74,265
221,3,8,12,18,252
221,4,12,9,30,261
221,5,11,9,41,270
221,6,9,8,50,278
221,7,13,4,63,282
221,8,8,3,71,285
222,10,0,-6,220,306
222,11,0,-5,220,301
222,12,-3,0,217,301
222,13,-3,3,214,304
222,14,-3,4,211,308
222,15,-2,2,209,310
222,16,-5,4,204,314
222,17,-6,4,198,318
222,18,-5,6,193,324
222,19,-3,6,190,330
222,20,-4,6,186,336
222,21,-2,8,184,344
222,22,-5,9,179,353
222,23,-3,7,176,360
222,24,0,8,176,368
222,25,1,8,177,376
222,26,1,6,178,382
222,27,2,8,180,390
222,28,3,6,183,396
222,29,2,6,185,402
222,30,3,6,188,408
222,31,6,6,194,414
222,32,3,3,197,417
222,33,7,3,204,420
223,5,3,-11,531,336
223,6,-5,-10,526,326
223,7,0,0,526,326
223,8,-1,1,525,327
223,9,5,-5,530,322
223,10,0,-8,530,314
223,11,-5,-12,525,302
223,12,-3,-14,522,288
224,17,7,-10,352,280
224,18,9,-4,361,276
224,19,15,-2,376,274
224,20,10,8,386,282
224,21,10,6,396,288
224,22,8,8,404,296
224,23,7,10,411,306
224,24,8,14,419,320
224,25,10,10,429,330
224,26,9,14,438,344
224,27,10,15,448,359
225,10,-5,1,538,398
225,11,-6,0,532,398
225,12,-3,0,529,398
225,13,-3,1,526,399
225,14,-3,-1,523,398
225,15,-3,1,520,399
225,16,-3,-1,517,398
225,17,-3,-2,514,396
225,18,-3,-1,511,395
225,19,-3,-2,508,393
225,20,-3,-1,505,392
225,21,-2,-2,503,390
225,22,-2,-2,501,388
225,23,1,2,502,390
226,16,-8,0,676,362
226,17,-10,-2,666,360
227,12,-2,6,525,458
227,13,-4,3,521,461
227,14,-3,7,518,468
227,15,-4,-4,514,464
227,16,-2,1,512,465
227,17,-6,0,506,465
227,18,-6,1,500,466
228,14,-11,11,530,573
228,15,-10,9,520,582
229,5,-1,5,647,402
229,6,1,7,648,409
230,10,2,-9,220,304
230,11,0,-2,220,302
230,12,-3,0,217,302
230,13,-2,2,215,304
230,14,-4,2,211,306
230,15,-3,5,208,311
230,16,-4,3,204,314
230,17,-5,4,199,318
230,18,-5,6,194,324
230,19,-5,7,189,331
230,20,-4,7,185,338
230,21,-5,7,180,345
230,22,-1,8,179,353
230,23,-3,9,176,362
230,24,0,4,176,366
230,25,1,10,177,376
230,26,0,6,177,382
230,27,3,8,180,390
230,28,2,6,182,396
230,29,3,7,185,403
230,30,6,5,191,408
230,31,3,6,194,414
230,32,3,4,197,418
230,33,6,1,203,419
231,2,-28,6,576,558
231,3,-16,12,560,570
231,4,-26,24,534,594
231,5,-10,18,524,612
232,4,-5,-11,276,310
232,5,-4,-8,272,302
232,6,-13,-1,259,301
232,7,-7,6,252,307
232,8,0,3,252,310
232,9,0,4,252,314
232,10,2,2,254,316
232,11,0,1,254,317
232,12,-1,-5,253,312
233,5,1,4,246,338
233,6,2,-2,248,336
233,7,-2,0,246,336
233,8,-2,0,244,336
233,9,-3,-2,241,334
233,10,-5,2,236,336
233,11,-8,2,228,338
233,12,-5,8,223,346
234,7,-1,2,238,332
234,8,-2,-1,236,331
234,9,-4,0,232,331
234,10,-8,2,224,333
234,11,-6,3,218,336
234,12,-9,4,209,340
234,13,-7,4,202,344
234,14,-7,6,195,350
234,15,-3,6,192,356
234,16,-6,10,186,366
234,17,0,6,186,372
234,18,1,7,187,379
234,19,3,8,190,387
234,20,4,3,194,390
234,21,4,6,198,396
234,22,8,8,206,404
235,2,2,12,8,239
235,3,9,11,17,250
235,4,12,10,29,260
235,5,11,10,40,270
235,6,10,7,50,277
235,7,12,5,62,282
235,8,10,2,72,284
236,5,0,2,86,197
236,6,2,1,88,198
236,7,2,4,90,202
236,8,1,1,91,203
236,9,-2,3,89,206
236,10,-7,1,82,207
237,8,10,-2,108,294
237,9,2,0,110,294
237,10,2,-5,112,289
237,11,5,-4,117,285
238,18,2,6,80,308
238,19,4,4,84,312
238,20,2,6,86,318
238,21,5,2,91,320
239,5,11,2,195,352
239,6,7,6,202,358
239,7,6,8,208,366
239,8,8,5,216,371
239,9,3,7,219,378
239,10,3,2,222,380
240,2,4,-8,180,327
240,3,3,-6,183,321
240,4,3,-5,186,316
240,5,2,-3,188,313
240,6,1,-6,189,307
241,7,0,-1,54,211
241,8,0,-2,54,209
241,9,-2,1,52,210
241,10,-3,2,49,212
241,11,-5,2,44,214
241,12,-3,2,41,216
241,13,-3,3,38,219
241,14,0,1,38,220
241,15,2,4,40,224
241,16,2,2,42,226
241,17,2,4,44,230
241,18,1,4,45,234
241,19,2,6,47,240
241,20,3,5,50,245
241,21,2,3,52,248
241,22,-2,7,50,255
241,23,0,3,50,258
241,24,-1,4,49,262
241,25,-1,3,48,265
241,26,-3,6,45,271
241,27,-1,4,44,275
241,28,-2,1,42,276
242,7,3,-16,116,236
242,8,0,-8,116,228
242,9,-2,-10,114,218
242,10,-4,-4,110,214
242,11,-4,-5,106,209
242,12,-4,-3,102,206
243,6,6,3,218,291
243,7,5,-1,223,290
243,8,3,-2,226,288
244,12,-8,3,87,242
244,13,-6,1,81,243
244,14,-7,5,74,248
245,15,-4,2,78,246
245,16,-6,2,72,248
245,17,-3,3,69,251
245,18,-5,2,64,253
245,19,0,2,64,255
245,20,2,-4,66,251
246,6,1,1,240,329
246,7,0,1,240,330
246,8,-3,1,237,331
246,9,-5,0,232,331
246,10,-6,1,226,332
246,11,-8,5,218,337
246,12,-8,4,210,341
246,13,-10,5,200,346
246,14,-3,5,197,351
246,15,-5,7,192,358
246,16,-4,7,188,365
246,17,-2,7,186,372
246,18,0,9,186,381
246,19,5,5,191,386
246,20,3,9,194,395
246,21,4,5,198,400
247,2,-31,12,664,528
247,3,-11,8,653,536
247,4,-9,4,644,540
247,5,-8,4,636,544
248,20,-4,7,670,494
248,21,-12,10,658,504
249,29,-1,4,651,527
249,30,-1,3,650,530
249,31,-4,2,646,532
249,32,-4,0,642,532
249,33,-3,-1,639,531
250,28,7,-5,630,482
250,29,12,-3,642,479
250,30,10,6,652,485
250,31,-2,11,650,496
251,15,-6,2,578,580
251,16,-8,4,570,584
251,17,-11,8,559,592
251,18,-12,12,547,604
251,19,-13,15,534,619
251,20,-12,17,522,636
251,21,-10,19,512,655
252,16,-3,-7,117,281
252,17,-4,-7,113,274
252,18,-3,-5,110,269
252,19,-3,-2,107,267
252,20,-2,-3,105,264
252,21,-1,-4,104,260
252,22,-5,-6,99,254
252,23,-6,3,93,257
252,24,-6,-1,87,256
252,25,-5,0,82,256
252,26,-4,-1,78,255
252,27,-4,1,74,256
252,28,-2,-2,72,254
252,29,-4,-1,68,253
252,30,-1,-1,67,252
252,31,0,-2,67,250
252,32,1,-4,68,246
252,33,-1,-2,67,244
252,34,2,0,69,244
252,35,2,-2,71,242
252,36,-1,-1,70,241
252,37,4,-2,74,239
252,38,0,-1,74,238
252,39,3,1,77,239
252,40,0,-2,77,237
252,41,1,0,78,237
252,42,0,-1,78,236
252,43,0,2,78,238
252,44,2,-1,80,237
252,45,0,2,80,239
252,46,1,0,81,239
252,47,2,0,83,239
253,24,-5,2,113,230
253,25,-5,3,108,233
253,26,-3,3,105,236
253,27,-5,2,100,238
253,28,-5,4,95,242
253,29,-4,4,91,246
253,30,-5,3,86,249
253,31,-3,2,83,251
253,32,-5,3,78,254
253,33,-3,1,75,255
253,34,-4,3,71,258
253,35,-3,2,68,260
253,36,-1,-1,67,259
253,37,-1,3,66,262
253,38,-2,0,64,262
253,39,0,-4,64,258
253,40,-2,1,62,259
253,41,-2,0,60,259
253,42,1,1,61,260
253,43,-3,-4,58,256
253,44,1,0,59,256
253,45,-3,-2,56,254
253,46,-1,0,55,254
253,47,1,0,56,254
253,48,-2,-1,54,253
253,49,3,5,57,258
253,50,-3,-2,54,256
254,26,-3,6,172,312
254,27,-4,2,168,314
254,28,-4,9,164,323
254,29,-4,3,160,326
254,30,-2,3,158,329
254,31,-4,5,154,334
255,14,-6,3,184,329
255,15,-2,1,182,330
255,16,-4,1,178,331
255,17,-4,4,174,335
255,18,-5,3,169,338
256,4,4,-5,178,311
256,5,2,-5,180,306
256,6,2,-13,182,293
257,2,6,10,84,328
257,3,6,4,90,332
257,4,9,4,99,336
257,5,7,4,106,340
257,6,3,0,109,340
257,7,2,-2,111,338
257,8,5,-3,116,335
257,9,3,-7,119,328
257,10,-1,-3,118,325
258,8,-3,3,84,238
258,9,-3,8,81,246
258,10,-3,8,78,254
259,25,-1,4,176,306
259,26,-3,5,173,311
259,27,-3,5,170,316
259,28,-5,6,165,322
259,29,-4,4,161,326
259,30,-5,6,156,332
259,31,-1,0,155,332
260,24,0,3,198,362
260,25,-7,4,191,366
260,26,-4,3,187,369
260,27,-3,4,184,373
260,28,-2,5,182,378
260,29,-2,6,180,384
260,30,-2,5,178,389
260,31,2,7,180,396
260,32,2,4,182,400
260,33,3,4,185,404
260,34,3,4,188,408
260,35,3,2,191,410
260,36,3,2,194,412
260,37,3,1,197,413
260,38,3,0,200,413
260,39,2,1,202,414
260,40,6,3,208,417
260,41,3,0,211,417
260,42,5,2,216,419
260,43,6,6,222,425
260,44,8,5,230,430
260,45,6,10,236,440
260,46,3,8,239,448
260,47,0,6,239,454
260,48,3,8,242,462
260,49,2,6,244,468
260,50,3,7,247,475
260,51,2,3,249,478
262,16,0,-6,229,332
262,17,0,-3,229,329
262,18,2,-1,231,328
262,19,1,-4,232,324
262,20,3,-2,235,322
262,21,0,-1,235,321
262,22,0,1,235,322
262,23,-2,1,233,323
262,24,-2,-1,231,322
262,25,-2,2,229,324
262,26,-3,0,226,324
262,27,-1,0,225,324
262,28,-3,2,222,326
262,29,0,0,222,326
262,30,-1,0,221,326
262,31,-1,3,220,329
262,32,0,-3,220,326
263,9,2,-6,290,343
263,10,0,-3,290,340
263,11,-2,-4,288,336
263,12,-2,-1,286,335
263,13,-8,-3,278,332
264,30,-3,1,106,236
264,31,-3,2,103,238
264,32,-3,2,100,240
265,30,0,5,200,335
265,31,0,1,200,336
265,32,-2,6,198,342
265,33,-2,1,196,343
265,34,0,1,196,344
265,35,-3,0,193,344
265,36,-2,0,191,344
265,37,-2,-2,189,342
265,38,-1,-1,188,341
265,39,-3,-3,185,338
265,40,-1,-2,184,336
265,41,-4,-5,180,331
265,42,-2,-1,178,330
265,43,-3,-2,175,328
265,44,-3,-3,172,325
265,45,-3,-3,169,322
265,46,-3,-4,166,318
265,47,-1,-2,165,316
266,37,4,-1,202,303
266,38,3,0,205,303
266,39,1,-2,206,301
266,40,2,-1,208,300
266,41,-2,0,206,300
267,39,-1,3,246,341
267,40,-2,5,244,346
267,41,-4,5,240,351
267,42,-2,2,238,353
267,43,-1,7,237,360
268,40,-3,-3,284,355
268,41,0,-4,284,351
268,42,-3,1,281,352
268,43,-1,2,280,354
268,44,-4,0,276,354
268,45,0,2,276,356
268,46,0,5,276,361
268,47,0,1,276,362
268,48,2,5,278,367
268,49,2,3,280,370
268,50,2,6,282,376
269,39,0,-2,216,350
269,40,-2,-3,214,347
269,41,0,-2,214,345
269,42,-4,-2,210,343
269,43,-3,-2,207,341
269,44,-5,-3,202,338
269,45,-3,-4,199,334
269,46,-3,-3,196,331
269,47,-3,-2,193,329
269,48,-2,-3,191,326
270,17,-4,-6,244,318
270,18,-7,-4,237,314
270,19,-4,-1,233,313
270,20,-5,-1,228,312
270,21,-6,0,222,312
270,22,-4,3,218,315
270,23,-3,3,215,318
270,24,-3,4,212,322
270,25,-2,6,210,328
270,26,0,1,210,329
270,27,0,3,210,332
271,24,-5,2,112,232
271,25,-4,0,108,232
271,26,-4,4,104,236
271,27,-4,2,100,238
271,28,-5,2,95,240
271,29,-5,5,90,245
271,30,-4,3,86,248
271,31,-4,4,82,252
271,32,-4,2,78,254
271,33,-2,1,76,255
271,34,-4,3,72,258
271,35,-4,2,68,260
271,36,-1,-2,67,258
271,37,-2,1,65,259
272,37,12,-2,130,264
272,38,2,-1,132,263
272,39,5,0,137,263
272,40,5,-1,142,262
272,41,7,-2,149,260
272,42,1,2,150,262
272,43,3,-1,153,261
272,44,3,2,156,263
272,45,3,0,159,263
272,46,3,1,162,264
272,47,4,2,166,266
272,48,3,2,169,268
272,49,3,5,172,273
272,50,4,3,176,276
272,51,4,4,180,280
273,46,-5,5,219,375
273,47,-7,7,212,382
273,48,-3,4,209,386
273,49,-6,4,203,390
273,50,-5,4,198,394
273,51,-6,2,192,396
274,26,-2,3,279,405
274,27,-5,2,274,407
274,28,-3,5,271,412
274,29,-3,2,268,414
274,30,-2,5,266,419
274,31,-2,1,264,420
274,32,2,6,266,426
274,33,0,3,266,429
274,34,-1,3,265,432
274,35,3,4,268,436
274,36,2,3,270,439
274,37,4,1,274,440
274,38,4,1,278,441
274,39,6,1,284,442
274,40,3,3,287,445
274,41,4,1,291,446
274,42,3,4,294,450
274,43,3,4,297,454
274,44,1,5,298,459
274,45,4,5,302,464
274,46,4,8,306,472
274,47,4,6,310,478
274,48,4,5,314,483
274,49,4,5,318,488
274,50,3,6,321,494
274,51,4,4,325,498
275,15,-1,-6,229,337
275,16,-2,-3,227,334
275,17,3,-4,230,330
275,18,2,-2,232,328
275,19,2,-4,234,324
275,20,2,0,236,324
275,21,0,-1,236,323
275,22,-1,0,235,323
275,23,-3,-1,232,322
275,24,-1,0,231,322
275,25,-3,2,228,324
275,26,-2,1,226,325
275,27,0,-1,226,324
275,28,-4,2,222,326
275,29,0,-1,222,325
275,30,-1,3,221,328
275,31,0,-1,221,327
275,32,-1,-1,220,326
276,39,2,1,8,232
276,40,4,-1,12,231
276,41,2,-1,14,230
276,42,2,0,16,230
276,43,2,-3,18,227
276,44,1,-2,19,225
276,45,1,1,20,226
276,46,2,-1,22,225
276,47,2,0,24,225
276,48,1,-1,25,224
276,49,5,0,30,224
276,50,0,-2,30,222
276,51,3,0,33,222
278,37,1,1,36,202
278,38,2,0,38,202
278,39,0,0,38,202
279,27,-8,6,84,266
279,28,-7,1,77,267
279,29,-5,-3,72,264
279,30,-2,1,70,265
279,31,0,1,70,266
279,32,-6,0,64,266
279,33,-2,-2,62,264
279,34,-1,0,61,264
279,35,-3,0,58,264
279,36,2,-4,60,260
279,37,2,-6,62,254
280,21,0,3,64,254
280,22,-1,4,63,258
280,23,0,2,63,260
280,24,1,0,64,260
280,25,-2,6,62,266
280,26,0,2,62,268
280,27,-2,7,60,275
280,28,-2,5,58,280
280,29,-1,3,57,283
280,30,-1,1,56,284
280,31,0,3,56,287
280,32,-2,2,54,289
280,33,-2,0,52,289
280,34,-2,-2,50,287
280,35,-1,5,49,292
280,36,-2,-2,47,290
280,37,-2,2,45,292
280,38,0,-1,45,291
280,39,-3,1,42,292
280,40,-4,0,38,292
280,41,-2,-2,36,290
280,42,-7,-1,29,289
280,43,-3,-2,26,287
280,44,-4,-3,22,284
280,45,-2,-4,20,280
281,24,-2,1,260,286
281,25,-4,2,256,288
281,26,-4,1,252,289
281,27,-5,-1,247,288
281,28,-7,1,240,289
281,29,-6,2,234,291
281,30,-7,-3,227,288
281,31,-5,1,222,289
281,32,-8,0,214,289
281,33,-6,1,208,290
281,34,-6,1,202,291
281,35,-5,1,197,292
283,46,2,6,345,448
283,47,4,7,349,455
283,48,4,6,353,461
283,49,3,8,356,469
283,50,5,8,361,477
283,51,5,8,366,485
285,20,4,3,370,425
285,21,5,7,375,432
285,22,9,2,384,434
285,23,9,1,393,435
285,24,11,-2,404,433
285,25,10,-1,414,432
285,26,11,-2,425,430
285,27,7,6,432,436
286,6,0,4,514,485
286,7,-1,5,513,490
286,8,-1,2,512,492
286,9,-4,5,508,497
286,10,-2,3,506,500
286,11,-5,4,501,504
287,35,-4,5,362,368
287,36,2,4,364,372
287,37,1,4,365,376
287,38,1,2,366,378
287,39,4,2,370,380
287,40,2,2,372,382
287,41,0,5,372,387
287,42,4,3,376,390
287,43,0,7,376,397
287,44,2,6,378,403
287,45,0,7,378,410
287,46,4,5,382,415
287,47,3,9,385,424
287,48,7,7,392,431
287,49,5,7,397,438
287,50,8,9,405,447
288,2,-2,8,336,398
288,3,2,15,338,413
288,4,2,9,340,422
288,5,2,6,342,428
288,6,2,7,344,435
288,7,8,10,352,445
289,9,0,3,342,483
289,10,-3,7,339,490
289,11,-2,4,337,494
289,12,-1,4,336,498
289,13,4,6,340,504
289,14,0,5,340,509
289,15,5,8,345,517
290,20,4,4,370,426
290,21,6,3,376,429
290,22,7,5,383,434
290,23,11,1,394,435
290,24,8,-1,402,434
290,25,11,0,413,434
290,26,11,-2,424,432
290,27,8,0,432,432
291,7,5,-6,286,526
291,8,0,-9,286,517
291,9,-3,-7,283,510
291,10,-1,-10,282,500
291,11,1,-9,283,491
291,12,5,-3,288,488
291,13,6,2,294,490
291,14,4,2,298,492
291,15,2,2,300,494
291,16,1,6,301,500
291,17,0,6,301,506
291,18,1,8,302,514
291,19,1,8,303,522
291,20,1,10,304,532
291,21,4,9,308,541
291,22,4,8,312,549
291,23,6,8,318,557
291,24,5,5,323,562
291,25,3,9,326,571
292,26,8,-1,374,447
292,27,6,-1,380,446
292,28,8,4,388,450
292,29,6,5,394,455
292,30,6,9,400,464
292,31,6,9,406,473
293,32,3,7,421,434
293,33,3,10,424,444
293,34,8,9,432,453
293,35,6,5,438,458
293,36,12,4,450,462
293,37,12,2,462,464
293,38,11,3,473,467
294,4,-9,8,471,464
294,5,-13,-5,458,459
294,6,-4,-3,454,456
294,7,-8,2,446,458
294,8,-13,2,433,460
294,9,-15,-2,418,458
294,10,-16,-6,402,452
294,11,-14,-11,388,441
294,12,-14,-9,374,432
294,13,-11,-8,363,424
294,14,-11,-7,352,417
294,15,-9,-7,343,410
294,16,-9,-4,334,406
294,17,-6,-6,328,400
294,18,-3,-3,325,397
294,19,1,1,326,398
294,20,-2,1,324,399
294,21,-2,3,322,402
294,22,-1,6,321,408
294,23,0,0,321,408
294,24,-2,4,319,412
294,25,-1,3,318,415
294,26,0,2,318,417
294,27,3,1,321,418
294,28,-1,2,320,420
294,29,3,1,323,421
294,30,3,3,326,424
294,31,2,1,328,425
294,32,6,2,334,427
294,33,5,2,339,429
294,34,5,-1,344,428
294,35,8,-1,352,427
295,20,7,-3,324,342
295,21,7,-4,331,338
295,22,9,2,340,340
295,23,3,3,343,343
295,24,2,1,345,344
295,25,3,2,348,346
295,26,5,4,353,350
295,27,0,4,353,354
295,28,1,6,354,360
295,29,-1,7,353,367
295,30,-5,8,348,375
295,31,-4,5,344,380
295,32,-8,10,336,390
295,33,-10,5,326,395
295,34,-8,5,318,400
295,35,-6,6,312,406
295,36,-3,7,309,413
296,21,0,-9,444,381
296,22,-5,-5,439,376
296,23,-5,-4,434,372
296,24,-7,-2,427,370
296,25,-6,-3,421,367
296,26,-5,-3,416,364
296,27,-8,0,408,364
296,28,-6,0,402,364
296,29,-4,-1,398,363
296,30,-6,1,392,364
296,31,-10,-1,382,363
297,2,0,9,350,505
297,3,0,12,350,517
297,4,3,8,353,525
297,5,3,6,356,531
297,6,7,6,363,537
297,7,5,5,368,542
297,8,10,2,378,544
297,9,11,7,389,551
298,3,3,12,403,465
298,4,7,13,410,478
298,5,8,9,418,487
299,15,9,-5,410,418
299,16,11,-6,421,412
299,17,7,-6,428,406
299,18,10,-4,438,402
299,19,5,-5,443,397
299,20,2,-7,445,390
299,21,-7,0,438,390
300,8,0,-8,286,518
300,9,-2,-11,284,507
300,10,-2,-8,282,499
300,11,4,-7,286,492
300,12,2,-2,288,490
300,13,6,-1,294,489
300,14,4,2,298,491
300,15,2,3,300,494
300,16,1,6,301,500
300,17,1,6,302,506
300,18,1,6,303,512
300,19,0,8,303,520
300,20,2,12,305,532
301,19,2,5,306,559
301,20,2,4,308,563
301,21,0,5,308,568
301,22,4,2,312,570
302,32,4,8,348,573
302,33,6,6,354,579
302,34,6,5,360,584
302,35,7,4,367,588
302,36,10,4,377,592
302,37,11,0,388,592
302,38,9,3,397,595
302,39,13,-1,410,594
302,40,10,0,420,594
302,41,14,3,434,597
302,42,10,4,444,601
302,43,8,5,452,606
302,44,8,7,460,613
302,45,4,9,464,622
303,19,-13,15,475,624
303,20,-13,19,462,643
303,21,-14,20,448,663
303,22,-12,18,436,681
304,2,5,-5,68,524
304,3,6,-6,74,518
304,4,7,-2,81,516
304,5,11,-3,92,513
304,6,10,-2,102,511
304,7,10,0,112,511
304,8,9,-1,121,510
304,9,5,-5,126,505
304,10,2,-2,128,503
304,11,2,-1,130,502
304,12,5,-2,135,500
305,2,2,-6,62,564
305,3,2,-3,64,561
305,4,0,-9,64,552
305,5,6,-5,70,547
305,6,6,-9,76,538
306,2,0,-2,110,562
306,3,-2,-7,108,555
306,4,-6,-5,102,550
306,5,-4,-3,98,547
306,6,-4,-5,94,542
306,7,-3,-4,91,538
307,10,-1,-1,2,583
307,11,1,-6,3,577
307,12,-1,-3,2,574
307,13,3,-6,5,568
307,14,4,-4,9,564
307,15,6,-2,15,562
307,16,5,-1,20,561
307,17,8,2,28,563
307,18,6,1,34,564
307,19,8,2,42,566
307,20,6,3,48,569
307,21,6,-1,54,568
307,22,4,0,58,568
307,23,2,-3,60,565
308,2,0,-3,110,561
308,3,-3,-5,107,556
308,4,-6,-7,101,549
308,5,-2,-2,99,547
308,6,-4,-5,95,542
308,7,-5,-2,90,540
309,4,-7,2,120,566
309,5,-1,-7,119,559
310,6,11,1,123,492
310,7,9,-2,132,490
310,8,10,-1,142,489
311,2,-3,7,164,495
311,3,-3,4,161,499
311,4,-3,7,158,506
311,5,0,4,158,510
312,2,-7,-2,190,488
312,3,-4,0,186,488
312,4,-6,3,180,491
313,10,-10,-4,80,504
313,11,-8,-2,72,502
313,12,-8,-3,64,499
313,13,-9,-3,55,496
313,14,-7,2,48,498
314,2,3,2,18,544
314,3,7,-5,25,539
314,4,7,1,32,540
314,5,5,-2,37,538
314,6,10,-4,47,534
315,2,-7,-4,191,486
315,3,-4,2,187,488
315,4,-5,3,182,491
315,5,-2,1,180,492
315,6,-2,2,178,494
315,7,2,-2,180,492
315,8,-1,0,179,492
315,9,-2,1,177,493
315,10,-1,-1,176,492
315,11,-4,2,172,494
315,12,-4,1,168,495
315,13,-2,3,166,498
315,14,-3,2,163,500
315,15,-1,4,162,504
315,16,-4,1,158,505
315,17,-4,3,154,508
315,18,0,3,154,511
315,19,-4,3,150,514
315,20,-2,3,148,517
315,21,0,4,148,521
315,22,-2,5,146,526
315,23,-2,2,144,528
315,24,-2,3,142,531
315,25,-2,3,140,534
315,26,-2,8,138,542
315,27,-2,3,136,545
315,28,1,0,137,545
315,29,-1,3,136,548
315,30,-2,1,134,549
316,28,0,1,62,550
316,29,0,-8,62,542
316,30,0,-2,62,540
316,31,2,-6,64,534
316,32,4,-2,68,532
316,33,4,-5,72,527
316,34,4,-4,76,523
316,35,5,-2,81,521
316,36,5,-3,86,518
316,37,4,-4,90,514
316,38,6,0,96,514
316,39,3,-2,99,512
316,40,5,0,104,512
316,41,2,1,106,513
316,42,3,-1,109,512
316,43,1,0,110,512
316,44,1,-1,111,511
316,45,2,-1,113,510
316,46,1,2,114,512
316,47,3,0,117,512
316,48,3,-2,120,510
316,49,4,1,124,511
316,50,4,2,128,513
316,51,3,1,131,514
318,14,-6,-2,20,506
318,15,-5,0,15,506
318,16,-4,0,11,506
318,17,-6,-1,5,505
318,18,-1,5,4,510
319,28,4,4,12,568
319,29,1,2,13,570
319,30,4,2,17,572
319,31,2,3,19,575
319,32,3,2,22,577
319,33,4,1,26,578
319,34,3,-1,29,577
319,35,3,1,32,578
319,36,3,0,35,578
319,37,2,0,37,578
319,38,4,-1,41,577
319,39,1,-4,42,573
319,40,2,-1,44,572
319,41,1,0,45,572
319,42,1,-3,46,569
319,43,0,0,46,569
320,9,-7,-9,95,519
320,10,-15,-15,80,504
320,11,-9,-2,71,502
320,12,-7,-3,64,499
320,13,-8,-2,56,497
320,14,-5,-1,51,496
320,15,-5,0,46,496
321,8,2,-1,196,541
321,9,3,-1,199,540
321,10,1,0,200,540
321,11,0,-5,200,535
321,12,-1,-3,199,532
321,13,2,-3,201,529
321,14,1,-5,202,524
321,15,3,-3,205,521
321,16,3,-2,208,519
322,12,1,-4,214,550
322,13,8,0,222,550
322,14,3,2,225,552
322,15,1,4,226,556
323,32,-6,6,206,490
323,33,-4,9,202,499
323,34,-4,6,198,505
324,6,6,6,192,543
324,7,4,-1,196,542
324,8,1,1,197,543
324,9,1,-2,198,541
324,10,2,-3,200,538
324,11,0,-4,200,534
324,12,2,-2,202,532
324,13,-1,-3,201,529
324,14,1,-3,202,526
324,15,2,-3,204,523
324,16,4,-5,208,518
324,17,6,-4,214,514
325,38,8,2,184,546
325,39,4,2,188,548
325,40,8,0,196,548
325,41,5,3,201,551
325,42,7,1,208,552
325,43,6,4,214,556
325,44,6,9,220,565
325,45,6,5,226,570
325,46,4,6,230,576
325,47,6,8,236,584
325,48,6,7,242,591
325,49,8,3,250,594
325,50,4,7,254,601
326,13,8,1,110,548
327,21,2,1,125,538
327,22,1,1,126,539
327,23,0,2,126,541
327,24,-2,-1,124,540
327,25,0,2,124,542
327,26,2,-1,126,541
327,27,-2,-1,124,540
328,18,-1,2,154,511
328,19,-3,3,151,514
328,20,-1,5,150,519
328,21,-2,3,148,522
328,22,-3,4,145,526
328,23,1,3,146,529
328,24,-3,3,143,532
328,25,-4,2,139,534
329,22,2,2,119,542
329,23,0,0,119,542
329,24,1,1,120,543
329,25,-2,1,118,544
329,26,-1,2,117,546
329,27,0,-4,117,542
330,43,2,0,182,498
330,44,-2,1,180,499
330,45,2,0,182,499
330,46,0,3,182,502
330,47,2,1,184,503
330,48,2,3,186,506
330,49,2,1,188,507
330,50,3,3,191,510
330,51,1,3,192,513
332,37,3,-3,84,563
332,38,0,0,84,563
332,39,0,-1,84,562
332,40,1,-3,85,559
332,41,-1,-3,84,556
332,42,-2,-1,82,555
332,43,0,-3,82,552
332,44,-3,0,79,552
332,45,1,-4,80,548
332,46,-1,-2,79,546
332,47,3,-6,82,540
332,48,1,-1,83,539
332,49,1,-4,84,535
332,50,3,-2,87,533
332,51,3,-5,90,528
334,38,4,2,178,497
334,39,0,1,178,498
334,40,4,0,182,498
334,41,-1,2,181,500
334,42,1,1,182,501
334,43,0,-2,182,499
334,44,0,1,182,500
334,45,0,2,182,502
334,46,0,0,182,502
334,47,2,0,184,502
334,48,1,3,185,505
334,49,3,3,188,508
334,50,2,4,190,512
334,51,2,1,192,513
336,47,0,-2,87,568
336,48,0,0,87,568
336,49,2,-1,89,567
336,50,-1,-1,88,566
336,51,2,1,90,567
338,38,0,0,134,560
338,39,0,0,134,560
338,40,0,0,134,560
338,41,-2,-1,132,559
338,42,-2,-3,130,556
339,17,2,1,160,557
339,18,6,1,166,558
339,19,4,2,170,560
339,20,10,-2,180,558
340,22,5,6,267,464
340,23,11,8,278,472
340,24,9,6,287,478
340,25,12,7,299,485
341,20,-5,5,586,516
341,21,-8,6,578,522
341,22,-12,9,566,531
341,23,-19,25,547,556
342,3,3,7,495,572
342,4,-7,6,488,578
342,5,-5,2,483,580
342,6,-12,10,471,590
343,5,2,11,309,595
343,6,-1,9,308,604
344,33,8,1,14,559
344,34,4,-1,18,558
344,35,5,-3,23,555
345,22,5,0,117,508
345,23,3,4,120,512
345,24,2,1,122,513
345,25,6,1,128,514
345,26,0,1,128,515
346,24,2,3,230,590
346,25,4,1,234,591
346,26,6,3,240,594
346,27,2,0,242,594
347,2,0,10,351,506
347,3,-1,9,350,515
347,4,3,9,353,524
347,5,5,8,358,532
347,6,5,4,363,536
347,7,7,4,370,540
347,8,7,5,377,545
347,9,12,6,389,551
347,10,11,7,400,558
348,2,-1,14,370,461
348,3,3,11,373,472
349,7,-6,0,492,507
349,8,-2,-1,490,506
349,9,-2,-2,488,504
349,10,-4,-4,484,500
350,6,-3,11,457,640
350,7,-8,12,449,652
350,8,-2,8,447,660
350,9,-7,3,440,663
352,41,2,0,640,378
352,42,-1,9,639,387
352,43,1,9,640,396
352,44,-3,9,637,405
352,45,-1,4,636,409
352,46,-2,9,634,418
353,36,6,2,595,488
353,37,7,2,602,490
353,38,8,-3,610,487
353,39,5,-2,615,485
353,40,3,-3,618,482
353,41,4,-3,622,479
353,42,-2,-4,620,475
354,13,-1,7,570,496
354,14,0,8,570,504
354,15,-1,2,569,506
354,16,-1,0,568,506
354,17,-6,0,562,506
355,38,11,5,429,649
355,39,13,7,442,656
355,40,8,7,450,663
355,41,6,8,456,671
355,42,1,8,457,679
355,43,-3,10,454,689
355,44,-8,8,446,697
355,45,-8,12,438,709
356,29,6,13,338,558
356,30,5,2,343,560
356,31,3,6,346,566
356,32,3,7,349,573
356,33,5,4,354,577
356,34,5,4,359,581
356,35,8,7,367,588
356,36,10,1,377,589
356,37,14,1,391,590
356,38,9,3,400,593
356,39,12,-1,412,592
356,40,12,3,424,595
356,41,10,1,434,596
356,42,9,4,443,600
356,43,9,5,452,605
356,44,7,8,459,613
356,45,5,9,464,622
357,46,3,7,523,598
357,47,5,4,528,602
357,48,0,6,528,608
357,49,2,3,530,611
357,50,0,5,530,616
357,51,0,3,530,619
359,31,0,-4,564,370
359,32,0,-2,564,368
359,33,-2,-1,562,367
359,34,0,-3,562,364
359,35,2,-3,564,361
359,36,1,-1,565,360
359,37,-1,-3,564,357
359,38,3,-2,567,355
359,39,1,-1,568,354
360,49,-3,4,544,394
360,50,-1,6,543,400
360,51,-3,5,540,405
362,50,-5,7,529,458
362,51,-3,2,526,460
364,48,-3,8,592,446
364,49,-3,8,589,454
364,50,-4,4,585,458
365,44,7,4,712,382
365,45,1,4,713,386
365,46,6,3,719,389
366,48,9,6,783,400
366,49,5,0,788,400
366,50,13,5,801,405
366,51,11,2,812,407
368,45,4,6,494,566
368,46,3,9,497,575
368,47,2,9,499,584
368,48,2,6,501,590
368,49,2,5,503,595
368,50,1,6,504,601
369,36,-4,2,577,295
369,37,-3,3,574,298
369,38,-6,6,568,304
369,39,0,0,568,304
369,40,-2,3,566,307
369,41,-3,5,563,312
369,42,-2,2,561,314
369,43,-5,6,556,320
369,44,-6,4,550,324
369,45,-3,5,547,329
369,46,-6,5,541,334
369,47,-2,5,539,339
369,48,-2,3,537,342
369,49,-2,6,535,348
369,50,-4,8,531,356
369,51,-2,2,529,358
371,37,6,-5,598,393
371,38,5,-5,603,388
371,39,7,-5,610,383
372,48,-2,13,662,389
372,49,3,10,665,399
372,50,1,10,666,409
372,51,0,10,666,419
374,21,-12,-1,618,378
374,22,-11,3,607,381
374,23,-4,-2,603,379
374,24,-8,0,595,379
374,25,-4,1,591,380
374,26,-1,1,590,381
374,27,4,1,594,382
374,28,3,-2,597,380
374,29,0,4,597,384
374,30,4,1,601,385
375,49,-7,11,528,633
375,50,-5,8,523,641
375,51,-6,9,517,650
377,37,-1,-7,317,681
377,38,2,-10,319,671
377,39,4,-9,323,662
377,40,-1,-6,322,656
377,41,4,-7,326,649
377,42,4,-8,330,641
377,43,3,-3,333,638
377,44,4,-1,337,637
377,45,5,-3,342,634
377,46,3,1,345,635
377,47,5,5,350,640
377,48,6,1,356,641
377,49,3,2,359,643
377,50,7,5,366,648
377,51,2,5,368,653
379,21,10,-2,348,494
379,22,12,-2,360,492
379,23,13,0,373,492
379,24,12,0,385,492
379,25,13,1,398,493
380,24,2,5,416,618
380,25,2,6,418,624
380,26,2,2,420,626
380,27,-2,8,418,634
380,28,-3,6,415,640
380,29,-1,6,414,646
380,30,-4,6,410,652
380,31,-7,8,403,660
380,32,-5,9,398,669
380,33,-6,7,392,676
380,34,-4,3,388,679
380,35,0,12,388,691
380,36,-5,7,383,698
380,37,1,8,384,706
381,23,7,7,404,574
381,24,7,4,411,578
381,25,7,6,418,584
381,26,8,4,426,588
381,27,6,2,432,590
381,28,6,4,438,594
381,29,4,3,442,597
381,30,4,8,446,605
381,31,2,4,448,609
382,21,2,5,308,672
382,22,3,4,311,676
382,23,4,3,315,679
382,24,4,1,319,680
382,25,1,0,320,680
382,26,3,-2,323,678
382,27,0,-2,323,676
382,28,0,4,323,680
382,29,-3,-2,320,678
382,30,-2,3,318,681
382,31,-2,0,316,681
382,32,-3,4,313,685
383,24,-3,1,249,655
383,25,-3,-4,246,651
383,26,-2,-6,244,645
383,27,0,-3,244,642
383,28,3,-2,247,640
384,2,-1,5,99,677
384,3,1,5,100,682
384,4,8,4,108,686
384,5,7,0,115,686
385,2,7,-10,13,757
385,3,11,-11,24,746
385,4,12,-4,36,742
386,2,10,3,38,759
386,3,4,1,42,760
386,4,14,-10,56,750
387,2,0,3,16,784
387,3,2,2,18,786
387,4,6,2,24,788
387,5,6,0,30,788
387,6,4,-1,34,787
387,7,4,0,38,787
387,8,3,1,41,788
387,9,1,1,42,789
387,10,-4,-1,38,788
387,11,-2,2,36,790
387,12,-2,-2,34,788
387,13,-4,2,30,790
387,14,-1,0,29,790
387,15,0,0,29,790
387,16,-1,0,28,790
387,17,0,0,28,790
387,18,2,-1,30,789
387,19,0,0,30,789
387,20,0,0,30,789
387,21,0,1,30,790
387,22,-4,-1,26,789
387,23,-1,0,25,789
387,24,-2,-3,23,786
387,25,-3,0,20,786
387,26,-4,-3,16,783
387,27,0,-4,16,779
387,28,-2,-5,14,774
387,29,0,-6,14,768
387,30,0,-6,14,762
387,31,3,-7,17,755
387,32,1,-6,18,749
387,33,6,-6,24,743
387,34,3,-7,27,736
387,35,4,-3,31,733
387,36,5,-7,36,726
387,37,7,-6,43,720
387,38,5,-4,48,716
387,39,2,-6,50,710
387,40,2,-1,52,709
387,41,1,-4,53,705
387,42,0,-4,53,701
387,43,-1,-4,52,697
387,44,-1,-5,51,692
387,45,0,-3,51,689
387,46,1,-4,52,685
387,47,0,-1,52,684
387,48,2,-1,54,683
387,49,2,-3,56,680
387,50,2,-2,58,678
387,51,2,0,60,678
389,9,-9,2,38,668
389,10,-6,4,32,672
389,11,-10,2,22,674
389,12,-6,5,16,679
389,13,-9,4,7,683
389,14,-7,5,0,688
390,19,5,6,6,716
391,8,12,-4,36,765
391,9,2,-9,38,756
391,10,2,-11,40,745
391,11,0,-9,40,736
391,12,4,-12,44,724
391,13,6,-1,50,723
392,11,0,-4,74,684
392,12,2,-6,76,678
392,13,2,-6,78,672
392,14,3,-8,81,664
392,15,6,-8,87,656
392,16,7,-2,94,654
392,17,10,0,104,654
393,2,7,6,170,698
393,3,10,4,180,702
393,4,16,-3,196,699
393,5,15,-3,211,696
393,6,12,-1,223,695
394,12,0,6,178,688
394,13,-6,8,172,696
394,14,-6,3,166,699
395,8,5,-3,25,741
395,9,6,-8,31,733
395,10,3,-4,34,729
395,11,5,-3,39,726
395,12,0,1,39,727
395,13,2,-9,41,718
395,14,1,-8,42,710
395,15,5,-8,47,702
395,16,6,-8,53,694
395,17,7,-6,60,688
395,18,5,-8,65,680
395,19,5,-9,70,671
395,20,4,-9,74,662
395,21,1,-6,75,656
395,22,0,-7,75,649
395,23,2,1,77,650
395,24,-3,0,74,650
395,25,2,2,76,652
395,26,1,3,77,655
395,27,3,3,80,658
395,28,-2,-5,78,653
395,29,0,-1,78,652
395,30,0,-1,78,651
395,31,0,0,78,651
395,32,0,0,78,651
395,33,0,0,78,651
395,34,0,0,78,651
396,24,3,-2,103,658
396,25,3,-4,106,654
396,26,2,0,108,654
396,27,3,-2,111,652
396,28,2,-2,113,650
396,29,2,0,115,650
396,30,1,0,116,650
396,31,3,-1,119,649
396,32,3,-1,122,648
396,33,3,1,125,649
396,34,5,-2,130,647
397,22,-5,1,121,718
397,23,-5,0,116,718
397,24,-4,-2,112,716
397,25,-6,0,106,716
397,26,-4,0,102,716
397,27,-2,-4,100,712
397,28,-6,-2,94,710
398,30,2,3,90,670
398,31,4,2,94,672
398,32,2,3,96,675
398,33,3,3,99,678
398,34,4,2,103,680
398,35,4,1,107,681
398,36,6,3,113,684
398,37,6,1,119,685
398,38,4,3,123,688
398,39,5,2,128,690
398,40,2,2,130,692
398,41,3,2,133,694
398,42,-1,-1,132,693
398,43,2,1,134,694
398,44,0,2,134,696
398,45,0,0,134,696
398,46,0,1,134,697
398,47,2,-1,136,696
398,48,4,-4,140,692
398,49,2,0,142,692
398,50,4,-1,146,691
398,51,2,0,148,691
400,36,6,-4,120,664
400,37,4,-4,124,660
400,38,6,-2,130,658
400,39,6,-2,136,656
400,40,5,-2,141,654
400,41,3,-1,144,653
400,42,2,-1,146,652
400,43,0,-1,146,651
401,6,9,-1,36,787
401,7,4,0,40,787
401,8,1,1,41,788
401,9,-1,1,40,789
401,10,-2,-1,38,788
401,11,0,-1,38,787
401,12,-2,2,36,789
401,13,-6,1,30,790
401,14,0,-2,30,788
401,15,-2,2,28,790
401,16,0,-2,28,788
401,17,0,2,28,790
401,18,2,-2,30,788
401,19,0,0,30,788
401,20,0,0,30,788
401,21,0,-6,30,782
401,22,-4,6,26,788
401,23,-1,0,25,788
401,24,-3,-1,22,787
401,25,0,-3,22,784
401,26,-4,-2,18,782
401,27,-3,-4,15,778
401,28,1,-5,16,773
401,29,-4,-5,12,768
401,30,3,-6,15,762
401,31,2,-5,17,757
401,32,3,-7,20,750
401,33,3,-8,23,742
401,34,4,-3,27,739
401,35,5,-7,32,732
401,36,5,-2,37,730
401,37,4,-7,41,723
401,38,6,-6,47,717
401,39,3,-4,50,713
401,40,4,-8,54,705
401,41,2,-2,56,703
401,42,-2,-3,54,700
401,43,-1,-3,53,697
401,44,-1,-5,52,692
401,45,2,-7,54,685
401,46,-2,0,52,685
401,47,-1,-2,51,683
401,48,3,0,54,683
401,49,2,-5,56,678
401,50,4,-2,60,676
401,51,1,1,61,677
403,31,-4,5,120,722
403,32,-6,4,114,726
403,33,-3,-1,111,725
403,34,-3,-3,108,722
403,35,-7,-3,101,719
403,36,-3,2,98,721
403,37,-3,-3,95,718
404,2,-8,14,220,642
404,3,0,14,220,656
404,4,7,10,227,666
404,5,10,8,237,674
404,6,12,2,249,676
404,7,8,3,257,679
404,8,7,-1,264,678
404,9,6,-4,270,674
404,10,2,-8,272,666
404,11,1,-6,273,660
404,12,0,-8,273,652
404,13,1,-7,274,645
404,14,0,-11,274,634
404,15,2,-8,276,626
404,16,0,-2,276,624
404,17,0,-2,276,622
404,18,-2,4,274,626
404,19,-2,4,272,630
404,20,2,6,274,636
404,21,-2,6,272,642
404,22,-1,4,271,646
404,23,0,6,271,652
404,24,1,0,272,652
404,25,0,5,272,657
404,26,2,1,274,658
404,27,0,3,274,661
404,28,3,0,277,661
404,29,2,4,279,665
404,30,0,6,279,671
404,31,4,6,283,677
404,32,2,5,285,682
404,33,5,6,290,688
404,34,5,6,295,694
404,35,8,4,303,698
404,36,9,2,312,700
404,37,8,3,320,703
404,38,-2,-2,318,701
404,39,2,-11,320,690
404,40,1,-8,321,682
404,41,2,-8,323,674
404,42,1,-9,324,665
404,43,3,-5,327,660
404,44,7,-5,334,655
404,45,4,-7,338,648
404,46,6,-1,344,647
404,47,6,0,350,647
405,29,6,10,338,557
405,30,2,5,340,562
405,31,5,4,345,566
405,32,4,6,349,572
405,33,5,4,354,576
405,34,5,8,359,584
405,35,7,5,366,589
405,36,11,2,377,591
405,37,10,0,387,591
405,38,13,2,400,593
405,39,12,1,412,594
405,40,12,0,424,594
405,41,8,3,432,597
405,42,12,2,444,599
405,43,10,7,454,606
405,44,4,6,458,612
405,45,5,9,463,621
406,4,-10,4,470,462
406,5,-10,-4,460,458
406,6,-8,1,452,459
406,7,-6,0,446,459
406,8,-12,1,434,460
406,9,-14,-6,420,454
406,10,-18,-2,402,452
406,11,-13,-11,389,441
406,12,-13,-11,376,430
406,13,-12,-7,364,423
406,14,-12,-7,352,416
406,15,-9,-6,343,410
406,16,-8,-6,335,404
406,17,-7,-3,328,401
406,18,-2,-1,326,400
406,19,-1,-2,325,398
406,20,-1,3,324,401
406,21,0,1,324,402
406,22,-3,2,321,404
406,23,0,5,321,409
406,24,-1,0,320,409
406,25,-1,4,319,413
406,26,0,3,319,416
406,27,-1,0,318,416
406,28,3,2,321,418
406,29,2,5,323,423
406,30,3,3,326,426
406,31,0,-2,326,424
406,32,6,5,332,429
406,33,7,0,339,429
406,34,8,-1,347,428
406,35,7,0,354,428
406,36,8,-4,362,424
406,37,6,2,368,426
406,38,11,2,379,428
407,32,-9,7,221,495
407,33,-5,5,216,500
407,34,-4,9,212,509
407,35,-2,5,210,514
407,36,-4,12,206,526
408,35,-3,8,363,370
408,36,0,2,363,372
408,37,3,1,366,373
408,38,0,4,366,377
408,39,4,2,370,379
408,40,1,5,371,384
408,41,2,3,373,387
408,42,1,3,374,390
408,43,2,6,376,396
408,44,2,5,378,401
408,45,1,7,379,408
408,46,3,9,382,417
408,47,4,7,386,424
408,48,4,8,390,432
408,49,7,6,397,438
409,7,0,1,54,212
409,8,0,-2,54,210
409,9,-2,0,52,210
409,10,-4,1,48,211
409,11,-3,3,45,214
409,12,-5,1,40,215
409,13,-2,3,38,218
409,14,0,4,38,222
409,15,0,2,38,224
409,16,4,5,42,229
409,17,0,0,42,229
409,18,4,6,46,235
409,19,0,5,46,240
409,20,2,4,48,244
409,21,2,5,50,249
409,22,0,5,50,254
409,23,0,4,50,258
409,24,-2,3,48,261
409,25,-1,5,47,266
409,26,-1,4,46,270
410,2,7,16,309,730
410,3,10,19,319,749
410,4,15,18,334,767
410,5,14,18,348,785
410,6,14,15,362,800
410,7,12,14,374,814
410,8,9,12,383,826
410,9,5,11,388,837
410,10,4,10,392,847
410,11,-5,16,387,863
410,12,-14,16,373,879
410,13,-18,16,355,895
410,14,-19,15,336,910
410,15,-18,11,318,921
410,16,-12,10,306,931
410,17,-11,6,295,937
410,18,-3,10,292,947
410,19,0,11,292,958
410,20,0,10,292,968
410,21,3,10,295,978
410,22,1,8,296,986
410,23,1,7,297,993
410,24,-2,12,295,1005
410,25,0,-2,295,1003
410,26,-5,5,290,1008
410,27,-3,1,287,1009
410,28,-3,4,284,1013
410,29,-2,6,282,1019
410,30,-2,2,280,1021
410,31,-2,7,278,1028
410,32,0,9,278,1037
410,33,-2,8,276,1045
410,34,5,8,281,1053
410,35,1,4,282,1057
410,36,5,8,287,1065
410,37,2,4,289,1069
410,38,2,2,291,1071
410,39,1,-1,292,1070
410,40,5,-21,297,1049
410,41,2,2,299,1051
410,42,3,2,302,1053
411,2,-4,28,430,812
411,3,1,24,431,836
411,4,5,23,436,859
412,2,-4,25,282,891
412,3,0,22,282,913
412,4,11,24,293,937
412,5,17,20,310,957
412,6,22,19,332,976
412,7,18,16,350,992
412,8,12,11,362,1003
412,9,7,10,369,1013
413,2,-2,19,470,628
413,3,-4,23,466,651
413,4,0,19,466,670
413,5,-3,21,463,691
413,6,1,19,464,710
413,7,0,13,464,723
413,8,2,7,466,730
413,9,-6,4,460,734
413,10,-4,0,456,734
413,11,-4,0,452,734
413,12,-5,4,447,738
413,13,-6,5,441,743
413,14,-2,4,439,747
414,2,-6,29,232,831
414,3,-2,26,230,857
414,4,2,23,232,880
414,5,2,21,234,901
414,6,2,22,236,923
414,7,4,18,240,941
414,8,-2,15,238,956
414,9,-1,10,237,966
414,10,-1,17,236,983
414,11,-7,8,229,991
414,12,-7,7,222,998
414,13,-4,8,218,1006
414,14,-2,8,216,1014
414,15,-3,9,213,1023
414,16,8,10,221,1033
414,17,7,12,228,1045
414,18,10,16,238,1061
414,19,10,16,248,1077
414,20,6,16,254,1093
414,21,7,14,261,1107
414,22,4,11,265,1118
414,23,4,11,269,1129
414,24,3,7,272,1136
414,25,0,4,272,1140
414,26,-1,11,271,1151
415,2,-1,15,405,968
415,3,6,17,411,985
415,4,12,18,423,1003
415,5,9,15,432,1018
415,6,10,10,442,1028
415,7,8,6,450,1034
415,8,0,0,450,1034
415,9,-4,-4,446,1030
415,10,-7,-2,439,1028
415,11,-10,-3,429,1025
415,12,-8,0,421,1025
415,13,-6,1,415,1026
415,14,-5,5,410,1031
415,15,3,4,413,1035
415,16,5,9,418,1044
415,17,10,11,428,1055
415,18,10,10,438,1065
415,19,17,15,455,1080
415,20,11,12,466,1092
415,21,11,18,477,1110
415,22,8,9,485,1119
415,23,6,13,491,1132
415,24,2,8,493,1140
415,25,6,10,499,1150
415,26,-4,6,495,1156
415,27,3,10,498,1166
415,28,0,-1,498,1165
415,29,2,14,500,1179
415,30,5,7,505,1186
415,31,6,8,511,1194
415,32,9,11,520,1205
415,33,7,9,527,1214
415,34,12,7,539,1221
415,35,9,10,548,1231
415,36,14,6,562,1237
415,37,9,8,571,1245
415,38,9,4,580,1249
415,39,9,8,589,1257
415,40,5,4,594,1261
415,41,7,2,601,1263
415,42,4,2,605,1265
415,43,6,7,611,1272
415,44,7,1,618,1273
415,45,12,4,630,1277
415,46,13,0,643,1277
415,47,16,6,659,1283
415,48,14,2,673,1285
415,49,12,5,685,1290
415,50,15,5,700,1295
415,51,9,5,709,1300
417,2,-2,0,529,668
417,3,0,4,529,672
417,4,-1,0,528,672
417,5,1,-2,529,670
417,6,2,-1,531,669
418,7,3,12,473,735
418,8,2,10,475,745
418,9,0,6,475,751
418,10,-1,-2,474,749
418,11,-2,2,472,751
418,12,-2,4,470,755
418,13,-4,1,466,756
418,14,-2,7,464,763
418,15,-1,10,463,773
418,16,-1,10,462,783
418,17,-2,16,460,799
418,18,-1,20,459,819
418,19,1,23,460,842
418,20,8,19,468,861
418,21,4,13,472,874
418,22,4,7,476,881
419,9,-3,-8,494,909
419,10,-8,-6,486,903
419,11,-5,-8,481,895
419,12,-9,-9,472,886
419,13,-6,-3,466,883
419,14,-3,-1,463,882
419,15,-2,3,461,885
419,16,-2,13,459,898
419,17,5,15,464,913
420,2,10,26,490,979
420,3,17,11,507,990
421,2,1,22,299,767
421,3,-2,19,297,786
421,4,1,25,298,811
421,5,-15,12,283,823
422,4,8,21,312,776
422,5,13,21,325,797
422,6,8,16,333,813
422,7,5,12,338,825
422,8,3,11,341,836
422,9,-1,5,340,841
422,10,-4,5,336,846
422,11,-3,5,333,851
422,12,-7,2,326,853
422,13,-3,-1,323,852
422,14,-6,4,317,856
422,15,2,8,319,864
422,16,-2,1,317,865
423,2,2,14,188,1024
423,3,7,13,195,1037
423,4,11,10,206,1047
423,5,9,8,215,1055
423,6,14,7,229,1062
423,7,7,3,236,1065
424,12,1,7,206,728
424,13,4,-1,210,727
424,14,2,5,212,732
424,15,4,2,216,734
424,16,7,7,223,741
424,17,3,8,226,749
424,18,7,8,233,757
424,19,5,10,238,767
424,20,5,9,243,776
424,21,3,11,246,787
424,22,1,12,247,799
424,23,6,8,253,807
424,24,-2,3,251,810
424,25,-1,4,250,814
424,26,0,5,250,819
424,27,-3,5,247,824
424,28,-2,-1,245,823
424,29,-3,8,242,831
424,30,-2,5,240,836
424,31,-2,11,238,847
424,32,-4,9,234,856
424,33,-1,10,233,866
424,34,1,8,234,874
424,35,-4,7,230,881
424,36,5,6,235,887
424,37,1,6,236,893
424,38,1,-2,237,891
424,39,0,8,237,899
424,40,0,-3,237,896
424,41,-3,4,234,900
424,42,-1,1,233,901
424,43,-3,11,230,912
424,44,-5,-1,225,911
424,45,-4,6,221,917
424,46,-1,15,220,932
424,47,1,8,221,940
424,48,3,6,224,946
424,49,-1,6,223,952
424,50,3,9,226,961
424,51,3,1,229,962
426,2,10,20,224,1125
426,3,13,23,237,1148
426,4,16,8,253,1156
426,5,18,15,271,1171
426,6,19,18,290,1189
426,7,14,12,304,1201
426,8,9,10,313,1211
427,12,2,3,208,726
427,13,1,4,209,730
427,14,5,2,214,732
427,15,4,7,218,739
427,16,3,2,221,741
427,17,7,7,228,748
427,18,7,6,235,754
427,19,3,13,238,767
427,20,3,11,241,778
427,21,6,8,247,786
427,22,2,11,249,797
427,23,2,9,251,806
427,24,0,7,251,813
427,25,-2,5,249,818
427,26,0,2,249,820
427,27,1,0,250,820
427,28,-4,5,246,825
427,29,-1,3,245,828
427,30,-6,7,239,835
427,31,-2,12,237,847
427,32,-4,9,233,856
427,33,-2,8,231,864
427,34,1,10,232,874
427,35,2,6,234,880
427,36,2,7,236,887
427,37,1,2,237,889
427,38,1,3,238,892
427,39,0,2,238,894
427,40,-1,0,237,894
427,41,-3,3,234,897
427,42,-3,3,231,900
427,43,-3,5,228,905
427,44,-5,4,223,909
427,45,-1,7,222,916
427,46,0,6,222,922
427,47,0,9,222,931
427,48,-1,9,221,940
427,49,4,8,225,948
427,50,0,7,225,955
427,51,2,10,227,965
429,37,0,-7,319,682
429,38,0,-8,319,674
429,39,3,-9,322,665
429,40,2,-11,324,654
429,41,3,-7,327,647
429,42,3,-5,330,642
429,43,4,-5,334,637
429,44,4,-3,338,634
429,45,4,1,342,635
429,46,4,1,346,636
429,47,4,2,350,638
429,48,4,3,354,641
429,49,7,5,361,646
429,50,4,5,365,651
429,51,5,2,370,653
431,2,0,16,355,1045
431,3,4,13,359,1058
431,4,7,12,366,1070
431,5,11,17,377,1087
431,6,6,13,383,1100
432,6,22,19,311,1140
432,7,14,14,325,1154
432,8,10,10,335,1164
432,9,8,11,343,1175
432,10,3,7,346,1182
432,11,0,7,346,1189
432,12,1,7,347,1196
432,13,-2,6,345,1202
432,14,2,10,347,1212
432,15,4,14,351,1226
432,16,10,13,361,1239
432,17,13,11,374,1250
432,18,18,15,392,1265
432,19,18,13,410,1278
432,20,18,13,428,1291
433,20,4,13,448,804
433,21,3,11,451,815
433,22,4,10,455,825
433,23,2,1,457,826
433,24,1,4,458,830
433,25,1,-1,459,829
433,26,-1,-4,458,825
433,27,0,-4,458,821
433,28,-1,-3,457,818
433,29,-2,1,455,819
433,30,-4,3,451,822
433,31,-4,6,447,828
433,32,-3,10,444,838
433,33,-3,13,441,851
433,34,1,8,442,859
433,35,4,12,446,871
433,36,2,9,448,880
433,37,5,3,453,883
433,38,3,3,456,886
433,39,2,2,458,888
433,40,-4,0,454,888
433,41,-3,0,451,888
433,42,-3,5,448,893
433,43,-4,5,444,898
433,44,-1,7,443,905
433,45,-2,16,441,921
433,46,1,10,442,931
433,47,0,14,442,945
433,48,5,11,447,956
433,49,3,8,450,964
433,50,0,8,450,972
433,51,0,12,450,984
435,14,-5,-1,571,428
435,15,-5,-2,566,426
435,16,-2,-1,564,425
435,17,-4,-4,560,421
435,18,-5,0,555,421
435,19,-5,-3,550,418
435,20,-2,-5,548,413
435,21,-4,-2,544,411
435,22,2,-4,546,407
435,23,4,-4,550,403
436,8,13,-14,573,139
436,9,16,-5,589,134
436,10,13,-6,602,128
436,11,12,-2,614,126
436,12,9,-1,623,125
437,13,4,11,365,797
437,14,1,10,366,807
437,15,-1,9,365,816
437,16,1,13,366,829
437,17,-2,21,364,850
438,12,3,12,364,787
438,13,1,11,365,798
438,14,0,9,365,807
438,15,1,9,366,816
438,16,-2,16,364,832
439,20,-7,13,585,520
439,21,-6,2,579,522
439,22,-11,6,568,528
439,23,-20,27,548,555
440,19,1,0,307,556
440,20,-1,6,306,562
440,21,1,4,307,566
440,22,4,2,311,568
441,19,-2,-9,720,245
441,20,-1,-4,719,241
441,21,-3,-7,716,234
441,22,-4,0,712,234
441,23,2,-1,714,233
441,24,-4,3,710,236
441,25,-3,4,707,240
441,26,2,5,709,245
441,27,-1,4,708,249
441,28,-2,5,706,254
441,29,-2,7,704,261
441,30,-4,3,700,264
441,31,-5,5,695,269
441,32,-7,3,688,272
441,33,-8,4,680,276
441,34,-6,3,674,279
441,35,-5,1,669,280
441,36,-6,3,663,283
441,37,-2,4,661,287
441,38,-4,3,657,290
441,39,-4,5,653,295
441,40,-3,4,650,299
441,41,-3,6,647,305
441,42,-3,5,644,310
441,43,-4,4,640,314
441,44,-6,7,634,321
441,45,-5,3,629,324
441,46,-7,6,622,330
441,47,-2,3,620,333
441,48,-5,3,615,336
441,49,-2,1,613,337
442,9,1,6,333,679
442,10,-1,5,332,684
442,11,0,7,332,691
442,12,-1,6,331,697
442,13,-1,8,330,705
442,14,4,6,334,711
442,15,3,10,337,721
442,16,4,16,341,737
442,17,4,15,345,752
442,18,6,21,351,773
442,19,5,22,356,795
442,20,6,20,362,815
445,9,0,6,331,678
445,10,1,9,332,687
445,11,-2,5,330,692
445,12,0,1,330,693
445,13,1,7,331,700
445,14,2,13,333,713
445,15,3,10,336,723
445,16,5,12,341,735
445,17,3,19,344,754
445,18,6,20,350,774
445,19,5,19,355,793
445,20,7,21,362,814
446,12,-1,5,526,458
446,13,-5,3,521,461
446,14,-2,1,519,462
446,15,-3,2,516,464
446,16,-4,-1,512,463
446,17,-5,0,507,463
447,14,-7,-2,571,428
447,15,-4,-2,567,426
447,16,-4,-2,563,424
447,17,-5,-2,558,422
447,18,-4,-1,554,421
447,19,-4,-5,550,416
447,20,-3,-3,547,413
447,21,-1,-1,546,412
447,22,-2,-5,544,407
447,23,5,-1,549,406
448,2,3,4,826,119
448,3,4,-1,830,118
448,4,6,2,836,120
448,5,7,-2,843,118
448,6,12,-1,855,117
449,4,11,20,274,978
449,5,17,18,291,996
449,6,13,17,304,1013
449,7,12,14,316,1027
449,8,10,11,326,1038
449,9,5,8,331,1046
449,10,1,5,332,1051
449,11,-2,3,330,1054
449,12,1,5,331,1059
449,13,-2,3,329,1062
449,14,6,4,335,1066
449,15,5,8,340,1074
449,16,10,5,350,1079
449,17,15,10,365,1089
449,18,13,11,378,1100
449,19,12,10,390,1110
450,18,-1,14,283,844
450,19,-2,15,281,859
450,20,0,12,281,871
450,21,-3,14,278,885
450,22,-2,11,276,896
450,23,-1,8,275,904
450,24,-4,6,271,910
450,25,-3,3,268,913
451,41,-3,0,344,841
451,42,-2,1,342,842
451,43,-3,-1,339,841
451,44,-2,2,337,843
451,45,-1,4,336,847
451,46,4,5,340,852
451,47,4,6,344,858
451,48,6,7,350,865
451,49,6,10,356,875
451,50,7,7,363,882
451,51,9,7,372,889
453,41,-5,2,345,842
453,42,-4,1,341,843
453,43,-3,0,338,843
453,44,-1,1,337,844
453,45,0,2,337,846
453,46,2,5,339,851
453,47,7,6,346,857
453,48,4,7,350,864
453,49,6,9,356,873
453,50,10,10,366,883
453,51,8,5,374,888
455,2,27,0,540,1167
455,3,27,0,567,1167
455,4,33,2,600,1169
455,5,28,3,628,1172
455,6,26,12,654,1184
455,7,21,13,675,1197
455,8,18,14,693,1211
455,9,14,13,707,1224
455,10,6,11,713,1235
455,11,9,9,722,1244
455,12,-2,10,720,1254
455,13,4,7,724,1261
455,14,5,10,729,1271
455,15,13,11,742,1282
456,2,12,8,394,1084
456,3,15,11,409,1095
456,4,20,7,429,1102
457,2,6,19,332,1115
457,3,10,14,342,1129
457,4,12,12,354,1141
457,5,26,13,380,1154
458,2,-3,16,405,968
458,3,7,20,412,988
458,4,10,14,422,1002
458,5,13,15,435,1017
458,6,8,10,443,1027
458,7,7,5,450,1032
458,8,-2,1,448,1033
458,9,-3,-3,445,1030
458,10,-5,-4,440,1026
458,11,-11,-3,429,1023
458,12,-9,0,420,1023
458,13,-6,3,414,1026
458,14,-4,3,410,1029
458,15,3,5,413,1034
458,16,6,10,419,1044
458,17,9,10,428,1054
458,18,11,14,439,1068
458,19,13,12,452,1080
458,20,14,15,466,1095
458,21,11,12,477,1107
458,22,8,12,485,1119
458,23,7,12,492,1131
458,24,3,8,495,1139
458,25,0,10,495,1149
458,26,2,8,497,1157
458,27,-1,4,496,1161
458,28,-1,9,495,1170
458,29,5,9,500,1179
458,30,3,8,503,1187
458,31,7,6,510,1193
458,32,9,11,519,1204
458,33,8,10,527,1214
458,34,11,8,538,1222
458,35,11,8,549,1230
458,36,14,9,563,1239
458,37,7,5,570,1244
458,38,10,8,580,1252
458,39,4,4,584,1256
458,40,10,3,594,1259
458,41,4,1,598,1260
458,42,6,7,604,1267
458,43,7,3,611,1270
458,44,7,2,618,1272
458,45,9,4,627,1276
458,46,11,1,638,1277
458,47,16,1,654,1278
458,48,14,6,668,1284
458,49,17,5,685,1289
458,50,12,4,697,1293
458,51,10,7,707,1300
460,4,20,10,581,1060
460,5,16,4,597,1064
460,6,12,5,609,1069
460,7,9,4,618,1073
460,8,1,0,619,1073
460,9,-4,-3,615,1070
460,10,-9,-2,606,1068
460,11,-10,-2,596,1066
461,2,13,9,616,1101
461,3,17,10,633,1111
461,4,19,4,652,1115
461,5,15,3,667,1118
461,6,12,3,679,1121
461,7,6,0,685,1121
462,2,10,3,731,1153
462,3,13,3,744,1156
462,4,12,6,756,1162
462,5,11,5,767,1167
462,6,6,4,773,1171
462,7,6,5,779,1176
463,2,7,26,223,1128
463,3,16,19,239,1147
463,4,13,9,252,1156
463,5,20,15,272,1171
463,6,18,17,290,1188
463,7,16,11,306,1199
463,8,8,11,314,1210
464,2,10,14,320,1159
464,3,16,16,336,1175
464,4,21,3,357,1178
464,5,28,6,385,1184
465,22,3,8,415,996
465,23,-2,13,413,1009
465,24,-5,3,408,1012
465,25,-4,5,404,1017
465,26,-7,7,397,1024
465,27,-6,4,391,1028
465,28,-5,9,386,1037
465,29,-2,9,384,1046
465,30,1,14,385,1060
465,31,-1,17,384,1077
465,32,4,4,388,1081
465,33,5,24,393,1105
465,34,6,16,399,1121
465,35,9,11,408,1132
465,36,8,10,416,1142
465,37,7,8,423,1150
465,38,4,9,427,1159
465,39,3,4,430,1163
465,40,2,4,432,1167
465,41,3,3,435,1170
466,6,16,-1,551,1115
466,7,13,-1,564,1114
466,8,8,-5,572,1109
466,9,5,-3,577,1106
466,10,-1,-9,576,1097
466,11,-2,-3,574,1094
466,12,-3,2,571,1096
466,13,-1,-2,570,1094
467,2,16,4,466,1208
467,3,19,3,485,1211
467,4,21,1,506,1212
467,5,25,-2,531,1210
467,6,22,-2,553,1208
467,7,21,-4,574,1204
467,8,15,-11,589,1193
467,9,8,-1,597,1192
467,10,6,-5,603,1187
467,11,0,-6,603,1181
467,12,1,-1,604,1180
467,13,1,0,605,1180
467,14,6,-2,611,1178
467,15,9,4,620,1182
467,16,9,1,629,1183
467,17,16,4,645,1187
467,18,17,3,662,1190
467,19,19,8,681,1198
468,2,8,4,572,1346
468,3,18,9,590,1355
468,4,21,4,611,1359
468,5,19,5,630,1364
468,6,22,3,652,1367
468,7,20,3,672,1370
468,8,18,0,690,1370
468,9,10,-2,700,1368
468,10,11,-6,711,1362
468,11,10,-9,721,1353
468,12,8,-6,729,1347
468,13,14,-5,743,1342
468,14,15,-4,758,1338
468,15,17,-2,775,1336
468,16,23,1,798,1337
468,17,22,1,820,1338
468,18,20,3,840,1341
469,21,13,13,456,998
469,22,7,13,463,1011
469,23,3,10,466,1021
469,24,-2,12,464,1033
469,25,0,8,464,1041
469,26,-4,3,460,1044
469,27,-4,7,456,1051
469,28,2,4,458,1055
469,29,-1,11,457,1066
469,30,4,10,461,1076
469,31,7,7,468,1083
469,32,7,12,475,1095
469,33,9,11,484,1106
469,34,11,11,495,1117
469,35,11,10,506,1127
469,36,15,11,521,1138
469,37,9,5,530,1143
469,38,8,6,538,1149
470,27,-6,10,353,930
470,28,-8,9,345,939
470,29,-6,12,339,951
470,30,-6,16,333,967
470,31,-5,18,328,985
470,32,-2,19,326,1004
470,33,0,16,326,1020
470,34,-2,15,324,1035
470,35,2,17,326,1052
470,36,14,8,340,1060
470,37,-1,10,339,1070
470,38,0,10,339,1080
470,39,-3,7,336,1087
471,36,8,6,591,1183
471,37,7,0,598,1183
471,38,4,5,602,1188
471,39,6,6,608,1194
471,40,1,1,609,1195
471,41,-3,6,606,1201
471,42,5,1,611,1202
471,43,3,3,614,1205
471,44,3,3,617,1208
471,45,7,2,624,1210
471,46,9,4,633,1214
472,35,8,5,602,1173
472,36,9,4,611,1177
472,37,6,2,617,1179
472,38,6,1,623,1180
472,39,4,3,627,1183
472,40,0,3,627,1186
472,41,5,1,632,1187
472,42,1,2,633,1189
472,43,9,-1,642,1188
472,44,3,4,645,1192
472,45,6,3,651,1195
472,46,11,2,662,1197
472,47,10,5,672,1202
472,48,12,3,684,1205
472,49,12,6,696,1211
472,50,14,7,710,1218
473,2,10,3,733,1152
473,3,10,4,743,1156
473,4,13,4,756,1160
473,5,11,4,767,1164
473,6,10,7,777,1171
473,7,13,1,790,1172
475,17,15,7,589,1352
476,17,17,5,600,1353
476,18,28,10,628,1363
476,19,17,5,645,1368
477,2,22,3,493,1269
477,3,35,0,528,1269
477,4,33,1,561,1270
477,5,39,-1,600,1269
477,6,32,-5,632,1264
477,7,29,-2,661,1262
477,8,23,-2,684,1260
477,9,17,-2,701,1258
477,10,11,-8,712,1250
477,11,5,-7,717,1243
477,12,7,-8,724,1235
477,13,9,-11,733,1224
477,14,8,-6,741,1218
477,15,12,-7,753,1211
477,16,16,-3,769,1208
477,17,17,-5,786,1203
477,18,13,-2,799,1201
477,19,13,3,812,1204
477,20,12,-1,824,1203
477,21,11,5,835,1208
477,22,7,7,842,1215
477,23,4,5,846,1220
477,24,1,7,847,1227
477,25,-3,7,844,1234
477,26,-2,8,842,1242
477,27,3,-2,845,1240
477,28,3,5,848,1245
477,29,5,3,853,1248
477,30,7,2,860,1250
477,31,9,0,869,1250
477,32,8,-1,877,1249
477,33,9,1,886,1250
477,34,11,3,897,1253
477,35,10,-1,907,1252
477,36,10,9,917,1261
477,37,10,1,927,1262
477,38,9,0,936,1262
477,39,7,3,943,1265
477,40,6,6,949,1271
477,41,2,-1,951,1270
477,42,6,1,957,1271
477,43,-2,0,955,1271
477,44,6,0,961,1271
477,45,6,-4,967,1267
477,46,8,-2,975,1265
477,47,8,0,983,1265
477,48,7,-1,990,1264
477,49,10,2,1000,1266
477,50,6,3,1006,1269
477,51,6,4,1012,1273
479,2,26,2,506,1288
479,3,28,-3,534,1285
479,4,36,-7,570,1278
479,5,37,-4,607,1274
479,6,36,-3,643,1271
479,7,32,0,675,1271
479,8,24,-1,699,1270
479,9,21,-1,720,1269
479,10,19,-3,739,1266
479,11,11,-3,750,1263
479,12,12,1,762,1264
479,13,10,0,772,1264
479,14,14,0,786,1264
479,15,19,1,805,1265
479,16,19,3,824,1268
479,17,25,5,849,1273
479,18,19,6,868,1279
479,19,23,8,891,1287
479,20,25,8,916,1295
480,13,-7,1,383,1039
480,14,-3,5,380,1044
480,15,3,4,383,1048
480,16,7,7,390,1055
480,17,7,13,397,1068
480,18,10,10,407,1078
480,19,11,14,418,1092
480,20,8,12,426,1104
481,2,14,2,791,1239
481,3,14,-4,805,1235
481,4,15,1,820,1236
481,5,16,2,836,1238
481,6,12,-1,848,1237
481,7,13,-1,861,1236
481,8,8,-1,869,1235
481,9,0,-2,869,1233
481,10,0,-6,869,1227
481,11,-6,-5,863,1222
481,12,-3,-7,860,1215
481,13,-6,-6,854,1209
481,14,3,-6,857,1203
481,15,4,-9,861,1194
482,15,25,-6,846,1400
482,16,26,-7,872,1393
483,2,21,-1,893,1439
483,3,27,-4,920,1435
483,4,29,0,949,1435
483,5,34,-1,983,1434
483,6,31,-6,1014,1428
483,7,29,-2,1043,1426
483,8,28,-11,1071,1415
483,9,25,-7,1096,1408
483,10,25,-13,1121,1395
483,11,20,-7,1141,1388
483,12,16,-5,1157,1383
483,13,18,-7,1175,1376
484,2,21,4,1091,1329
484,3,20,1,1111,1330
484,4,22,3,1133,1333
484,5,22,7,1155,1340
484,6,23,5,1178,1345
484,7,18,6,1196,1351
484,8,20,3,1216,1354
484,9,15,5,1231,1359
484,10,15,2,1246,1361
484,11,12,1,1258,1362
484,12,16,0,1274,1362
484,13,18,-3,1292,1359
484,14,21,-4,1313,1355
485,2,18,1,1267,1348
485,3,24,3,1291,1351
485,4,23,0,1314,1351
485,5,22,2,1336,1353
486,2,21,-4,1231,1287
486,3,21,2,1252,1289
486,4,22,-3,1274,1286
486,5,22,1,1296,1287
486,6,22,0,1318,1287
486,8,20,1,1358,1289
486,9,21,-1,1379,1288
487,2,20,0,1463,1222
487,3,24,-6,1487,1216
487,4,21,2,1508,1218
487,5,18,2,1526,1220
487,6,22,4,1548,1224
487,7,16,5,1564,1229
488,2,10,0,789,1237
488,3,15,0,804,1237
488,4,16,0,820,1237
488,5,17,2,837,1239
488,6,13,-3,850,1236
488,7,14,-1,864,1235
488,8,8,-1,872,1234
488,9,-1,-1,871,1233
488,10,-2,-9,869,1224
488,11,-5,-2,864,1222
488,12,-5,-7,859,1215
488,13,-4,-6,855,1209
488,14,0,-4,855,1205
488,15,4,-6,859,1199
489,2,16,2,1103,1432
489,3,22,-3,1125,1429
489,4,21,3,1146,1432
489,5,21,6,1167,1438
489,6,20,0,1187,1438
489,7,17,3,1204,1441
489,8,16,1,1220,1442
489,9,17,-2,1237,1440
489,10,13,-1,1250,1439
489,11,13,-2,1263,1437
489,12,14,-5,1277,1432
489,13,15,-6,1292,1426
489,14,18,-3,1310,1423
489,15,16,-1,1326,1422
489,16,20,-4,1346,1418
490,2,28,9,807,1412
490,3,34,12,841,1424
490,4,37,8,878,1432
490,5,42,6,920,1438
490,6,37,1,957,1439
490,7,33,0,990,1439
491,16,21,-7,908,1296
491,17,27,-5,935,1291
491,18,23,-1,958,1290
492,14,15,-10,962,1323
492,15,16,0,978,1323
492,16,22,-5,1000,1318
492,17,25,1,1025,1319
492,18,26,-7,1051,1312
492,19,23,1,1074,1313
492,20,20,0,1094,1313
492,21,18,-3,1112,1310
492,22,18,-2,1130,1308
492,23,13,0,1143,1308
492,24,15,1,1158,1309
492,25,10,0,1168,1309
492,26,12,9,1180,1318
492,27,6,1,1186,1319
494,4,17,-1,821,1237
494,5,16,-2,837,1235
494,6,13,1,850,1236
494,7,12,0,862,1236
494,8,5,1,867,1237
494,9,2,-4,869,1233
494,10,1,-7,870,1226
494,11,-5,-4,865,1222
494,12,-5,-5,860,1217
494,13,-5,-7,855,1210
494,14,-1,-6,854,1204
494,15,2,-6,856,1198
494,16,6,-1,862,1197
494,17,18,-3,880,1194
495,6,18,-5,1047,1344
495,7,13,-8,1060,1336
495,8,10,-4,1070,1332
495,9,11,-10,1081,1322
495,10,7,-10,1088,1312
495,11,5,-14,1093,1298
495,12,5,-10,1098,1288
496,4,20,5,1070,1207
497,2,18,1,1325,1207
497,3,20,0,1345,1207
497,4,22,1,1367,1208
497,5,24,5,1391,1213
497,6,9,2,1400,1215
497,7,24,-2,1424,1213
497,8,21,5,1445,1218
498,2,18,-1,1196,1402
498,3,19,1,1215,1403
498,4,23,3,1238,1406
498,5,22,2,1260,1408
498,6,18,1,1278,1409
498,7,20,3,1298,1412
498,8,16,1,1314,1413
498,9,20,1,1334,1414
498,10,12,-1,1346,1413
498,11,15,-4,1361,1409
498,12,20,-1,1381,1408
498,13,16,-1,1397,1407
498,14,17,-4,1414,1403
498,15,24,3,1438,1406
498,16,19,-5,1457,1401
498,17,20,-4,1477,1397
498,18,17,-1,1494,1396
498,19,20,4,1514,1400
498,20,25,1,1539,1401
499,14,9,-7,1146,1255
499,15,13,-9,1159,1246
499,16,14,-8,1173,1238
499,17,13,-7,1186,1231
499,18,14,-7,1200,1224
499,19,14,-4,1214,1220
499,20,17,-1,1231,1219
499,21,16,-7,1247,1212
499,22,12,4,1259,1216
499,23,9,-1,1268,1215
500,5,12,-11,783,1300
500,6,17,2,800,1302
500,7,10,1,810,1303
500,8,9,4,819,1307
500,9,6,0,825,1307
500,10,3,7,828,1314
500,11,2,2,830,1316
500,12,-1,4,829,1320
500,13,-8,12,821,1332
500,14,-9,0,812,1332
501,18,28,5,1026,1387
501,19,31,8,1057,1395
501,20,28,9,1085,1404
501,21,29,5,1114,1409
501,22,26,6,1140,1415
501,23,25,4,1165,1419
501,24,23,1,1188,1420
501,25,23,2,1211,1422
501,26,28,-3,1239,1419
501,27,27,0,1266,1419
501,28,25,-3,1291,1416
501,29,29,-3,1320,1413
501,30,25,-3,1345,1410
501,31,34,-2,1379,1408
501,32,30,-1,1409,1407
501,33,28,-1,1437,1406
502,21,7,-3,977,1179
502,22,4,2,981,1181
502,23,8,2,989,1183
502,24,5,2,994,1185
502,25,2,3,996,1188
502,26,0,1,996,1189
502,27,6,4,1002,1193
502,28,3,-3,1005,1190
502,29,3,2,1008,1192
502,30,7,-3,1015,1189
502,31,7,3,1022,1192
502,32,6,-9,1028,1183
502,33,7,-1,1035,1182
502,34,10,-2,1045,1180
502,35,5,3,1050,1183
502,36,1,3,1051,1186
502,37,4,3,1055,1189
502,38,3,6,1058,1195
502,39,1,8,1059,1203
503,7,15,4,1141,1268
503,8,16,-2,1157,1266
503,9,18,1,1175,1267
503,10,13,-3,1188,1264
503,11,11,-6,1199,1258
503,12,13,-3,1212,1255
503,13,13,-6,1225,1249
503,14,15,-4,1240,1245
503,15,17,-6,1257,1239
503,16,21,-3,1278,1236
503,17,21,-2,1299,1234
504,16,27,-2,848,1362
504,17,29,-1,877,1361
504,18,31,1,908,1362
504,19,30,-3,938,1359
504,20,30,3,968,1362
504,21,26,2,994,1364
504,22,23,0,1017,1364
504,23,23,0,1040,1364
504,24,23,2,1063,1366
505,27,22,-2,1076,1402
505,28,19,-5,1095,1397
505,29,23,-3,1118,1394
505,30,27,-2,1145,1392
506,20,32,-3,1000,1378
506,21,29,5,1029,1383
506,22,29,-1,1058,1382
506,23,25,4,1083,1386
506,24,25,2,1108,1388
506,25,23,3,1131,1391
506,26,23,2,1154,1393
506,27,17,3,1171,1396
506,28,21,3,1192,1399
506,29,15,0,1207,1399
506,30,20,2,1227,1401
506,31,11,2,1238,1403
506,32,26,-6,1264,1397
506,33,19,5,1283,1402
506,34,18,2,1301,1404
506,35,20,3,1321,1407
506,36,23,-1,1344,1406
506,37,19,1,1363,1407
506,38,23,-2,1386,1405
507,32,22,-10,1167,1348
507,33,20,-6,1187,1342
507,34,21,0,1208,1342
507,35,21,0,1229,1342
507,36,18,3,1247,1345
507,37,20,2,1267,1347
507,38,18,2,1285,1349
507,39,16,0,1301,1349
507,40,17,3,1318,1352
507,41,22,0,1340,1352
508,36,6,4,943,1260
508,37,5,4,948,1264
508,38,3,0,951,1264
508,39,1,5,952,1269
508,40,0,2,952,1271
508,41,0,1,952,1272
508,42,3,0,955,1272
508,43,2,-1,957,1271
508,44,4,-3,961,1268
508,45,4,-1,965,1267
508,46,9,-3,974,1264
508,47,7,1,981,1265
508,48,10,3,991,1268
508,49,10,-1,1001,1267
508,50,6,6,1007,1273
508,51,4,2,1011,1275
510,2,34,7,718,1424
510,3,39,7,757,1431
510,4,41,11,798,1442
510,5,41,5,839,1447
510,6,38,10,877,1457
510,7,34,5,911,1462
510,8,34,5,945,1467
510,9,27,0,972,1467
510,10,23,0,995,1467
510,11,20,-5,1015,1462
510,12,17,-10,1032,1452
511,2,6,7,575,1348
511,3,13,7,588,1355
511,4,21,6,609,1361
511,5,24,4,633,1365
511,6,19,2,652,1367
511,7,24,5,676,1372
511,7,0,0,672,1371
511,8,18,-1,690,1370
511,9,11,-2,701,1368
511,10,8,-5,709,1363
511,11,11,-8,720,1355
511,12,12,-5,732,1350
511,13,12,-10,744,1340
511,14,15,-2,759,1338
511,15,18,-6,777,1332
511,16,23,5,800,1337
512,17,27,-3,864,1343
512,18,24,-7,888,1336
512,19,27,-4,915,1332
512,20,27,-3,942,1329
512,21,22,-2,964,1327
512,22,21,-1,985,1326
512,23,24,-3,1009,1323
512,24,18,-2,1027,1321
512,25,17,-3,1044,1318
512,26,15,1,1059,1319
512,27,18,0,1077,1319
512,28,12,-3,1089,1316
512,29,11,1,1100,1317
512,30,15,-6,1115,1311
512,31,13,-8,1128,1303
512,32,15,-5,1143,1298
512,33,15,-6,1158,1292
512,34,16,-1,1174,1291
512,35,12,-6,1186,1285
512,36,12,-1,1198,1284
513,20,34,5,1003,1381
513,21,27,-2,1030,1379
513,22,28,2,1058,1381
513,23,25,3,1083,1384
513,24,25,3,1108,1387
513,25,23,5,1131,1392
513,26,21,2,1152,1394
513,27,21,6,1173,1400
513,28,15,2,1188,1402
513,29,21,-2,1209,1400
513,30,17,2,1226,1402
513,31,16,-2,1242,1400
513,32,22,3,1264,1403
513,33,17,-1,1281,1402
513,34,20,1,1301,1403
513,35,16,0,1317,1403
513,36,20,4,1337,1407
513,37,21,3,1358,1410
514,20,16,1,1125,1203
514,21,12,2,1137,1205
514,22,12,3,1149,1208
514,23,8,6,1157,1214
514,24,9,3,1166,1217
514,25,10,-3,1176,1214
514,26,9,6,1185,1220
514,27,8,-1,1193,1219
514,28,8,4,1201,1223
514,29,9,0,1210,1223
514,30,11,0,1221,1223
514,31,12,-1,1233,1222
514,32,13,-5,1246,1217
514,33,11,3,1257,1220
515,36,6,3,1092,1232
515,37,7,3,1099,1235
515,38,8,3,1107,1238
515,39,7,3,1114,1241
515,40,10,4,1124,1245
515,41,6,-1,1130,1244
515,42,3,7,1133,1251
515,43,8,3,1141,1254
515,44,7,5,1148,1259
515,45,9,2,1157,1261
515,46,15,6,1172,1267
515,47,11,4,1183,1271
515,48,13,8,1196,1279
515,49,11,-1,1207,1278
516,35,7,7,992,1262
516,36,7,0,999,1262
516,37,7,6,1006,1268
516,38,7,7,1013,1275
516,39,5,5,1018,1280
516,40,3,2,1021,1282
516,41,3,1,1024,1283
516,42,7,2,1031,1285
516,43,5,2,1036,1287
516,44,6,-4,1042,1283
516,45,5,3,1047,1286
516,46,13,1,1060,1287
516,47,12,4,1072,1291
516,48,8,1,1080,1292
516,49,7,1,1087,1293
516,50,8,7,1095,1300
